-- phpMyAdmin SQL Dump
-- version 4.7.0
-- https://www.phpmyadmin.net/
--
-- Hôte : 127.0.0.1
-- Généré le :  mer. 29 juin 2022 à 16:28
-- Version du serveur :  5.7.17
-- Version de PHP :  5.6.30

SET SQL_MODE = "NO_AUTO_VALUE_ON_ZERO";
SET AUTOCOMMIT = 0;
START TRANSACTION;
SET time_zone = "+00:00";


/*!40101 SET @OLD_CHARACTER_SET_CLIENT=@@CHARACTER_SET_CLIENT */;
/*!40101 SET @OLD_CHARACTER_SET_RESULTS=@@CHARACTER_SET_RESULTS */;
/*!40101 SET @OLD_COLLATION_CONNECTION=@@COLLATION_CONNECTION */;
/*!40101 SET NAMES utf8mb4 */;

--
-- Base de données :  `groupe20_planificateur_lbr`
--

-- --------------------------------------------------------

--
-- Structure de la table `admin`
--

CREATE TABLE `admin` (
  `idAdmin` varchar(100) NOT NULL,
  `mdp` varchar(100) NOT NULL
) ENGINE=MyISAM DEFAULT CHARSET=latin1;

--
-- Déchargement des données de la table `admin`
--

INSERT INTO `admin` (`idAdmin`, `mdp`) VALUES
('pauline.jaspart@student.junia.com', '$2y$10$tAkJQmCSsG9.cxfG5C4WXOX6rhyqAk8Onk8CPdiQ56f3wjelGnINy'),
('foucauld.bergerault@lesbriquesrouges.fr', '$2y$10$73Gu5FWh7kUC6xb3IJn4qeTdkSMRFNlpnTzLGBEwGGMLPPQIsmxdK'),
('mathieu.ranc@lesbriquesrouges.fr', '$2y$10$yJqJZFz1UYG91UNOy5LzAuTfeTGYz8AqpUIiYvs/rD1a1c85ICOgm');

-- --------------------------------------------------------

--
-- Structure de la table `assigner`
--

CREATE TABLE `assigner` (
  `typePersonne` varchar(30) NOT NULL,
  `idCreneau` int(11) NOT NULL,
  `quantite` int(11) NOT NULL
) ENGINE=MyISAM DEFAULT CHARSET=latin1;

--
-- Déchargement des données de la table `assigner`
--

INSERT INTO `assigner` (`typePersonne`, `idCreneau`, `quantite`) VALUES
('Benevole', 160, 2),
('Membre', 159, 1),
('Benevole', 159, 2),
('Membre', 158, 1),
('Benevole', 158, 2),
('Membre', 157, 1),
('Benevole', 157, 2),
('Membre', 156, 1),
('Benevole', 9, 1),
('Membre', 9, 2),
('Benevole', 10, 1),
('Membre', 10, 2),
('Benevole', 11, 1),
('Membre', 11, 2),
('Benevole', 12, 2),
('Membre', 12, 1),
('Benevole', 13, 2),
('Membre', 13, 1),
('Benevole', 14, 2),
('Membre', 14, 1),
('Benevole', 15, 2),
('Membre', 15, 1),
('Benevole', 16, 2),
('Membre', 16, 1),
('Benevole', 17, 2),
('Membre', 17, 1),
('Benevole', 18, 2),
('Membre', 18, 1),
('Benevole', 19, 1),
('Membre', 19, 2),
('Benevole', 20, 1),
('Membre', 20, 2),
('Benevole', 21, 1),
('Membre', 21, 2),
('Benevole', 22, 1),
('Membre', 22, 2),
('Benevole', 156, 2),
('Membre', 155, 1),
('Benevole', 155, 2),
('Membre', 154, 1),
('Benevole', 154, 2),
('Membre', 153, 1),
('Benevole', 153, 2),
('Membre', 152, 1),
('Benevole', 152, 2),
('Membre', 151, 1),
('Benevole', 151, 2),
('Benevole', 29, 0),
('Membre', 29, 0),
('Benevole', 30, 0),
('Membre', 30, 0),
('Benevole', 31, 1),
('Membre', 31, 2),
('Benevole', 32, 1),
('Membre', 32, 2),
('Benevole', 33, 1),
('Membre', 33, 2),
('Benevole', 34, 1),
('Membre', 34, 2),
('Benevole', 35, 1),
('Membre', 35, 2),
('Benevole', 36, 1),
('Membre', 36, 2),
('Benevole', 37, 1),
('Membre', 37, 3),
('Benevole', 38, 1),
('Membre', 38, 3),
('Benevole', 39, 1),
('Membre', 39, 1),
('Benevole', 40, 1),
('Membre', 40, 1),
('Membre', 100, 2),
('Benevole', 100, 2),
('Membre', 56, 2),
('Benevole', 56, 1),
('Membre', 55, 2),
('Membre', 53, 2),
('Benevole', 53, 1),
('Benevole', 54, 1),
('Membre', 54, 2),
('Benevole', 55, 1),
('Membre', 99, 2),
('Benevole', 99, 2),
('Membre', 98, 2),
('Benevole', 98, 2),
('Benevole', 97, 2),
('Membre', 97, 2),
('Benevole', 101, 2),
('Membre', 101, 2),
('Benevole', 102, 2),
('Membre', 102, 2),
('Benevole', 103, 2),
('Membre', 103, 2),
('Benevole', 104, 2),
('Membre', 104, 2),
('Benevole', 105, 2),
('Membre', 105, 2),
('Benevole', 106, 2),
('Membre', 106, 2),
('Benevole', 114, 2),
('Membre', 113, 2),
('Benevole', 113, 2),
('Membre', 112, 2),
('Benevole', 112, 2),
('Membre', 111, 2),
('Benevole', 111, 2),
('Membre', 114, 2),
('Benevole', 115, 2),
('Membre', 115, 2),
('Benevole', 116, 2),
('Membre', 116, 2),
('Benevole', 117, 2),
('Membre', 117, 2),
('Benevole', 118, 2),
('Membre', 118, 2),
('Benevole', 119, 2),
('Membre', 119, 2),
('Benevole', 120, 2),
('Membre', 120, 2),
('Benevole', 121, 2),
('Membre', 121, 2),
('Benevole', 122, 2),
('Membre', 122, 2),
('Benevole', 123, 2),
('Membre', 123, 2),
('Benevole', 124, 2),
('Membre', 124, 2),
('Benevole', 125, 2),
('Membre', 125, 2),
('Benevole', 126, 2),
('Membre', 126, 2),
('Benevole', 134, 1),
('Membre', 133, 1),
('Benevole', 133, 1),
('Membre', 132, 1),
('Benevole', 132, 1),
('Membre', 131, 1),
('Benevole', 131, 1),
('Membre', 134, 1),
('Benevole', 135, 1),
('Membre', 135, 1),
('Benevole', 136, 1),
('Membre', 136, 3),
('Benevole', 137, 1),
('Membre', 137, 3),
('Benevole', 138, 1),
('Membre', 138, 1),
('Benevole', 139, 1),
('Membre', 139, 1),
('Membre', 144, 2),
('Benevole', 144, 1),
('Benevole', 145, 1),
('Membre', 145, 2),
('Benevole', 146, 1),
('Membre', 146, 2),
('Benevole', 147, 1),
('Membre', 147, 2),
('Benevole', 148, 1),
('Membre', 148, 2),
('Benevole', 149, 1),
('Membre', 149, 2),
('Benevole', 150, 1),
('Membre', 150, 2),
('Membre', 160, 1),
('Benevole', 200, 2),
('Membre', 200, 1),
('Benevole', 201, 2),
('Membre', 201, 1),
('Benevole', 202, 2),
('Membre', 202, 1),
('Benevole', 203, 2),
('Membre', 203, 1),
('Benevole', 169, 2),
('Membre', 169, 1),
('Benevole', 170, 2),
('Membre', 170, 1),
('Membre', 199, 1),
('Benevole', 199, 2),
('Membre', 198, 1),
('Benevole', 198, 2),
('Membre', 197, 1),
('Benevole', 197, 2),
('Membre', 196, 1),
('Benevole', 196, 2),
('Membre', 195, 1),
('Benevole', 195, 2),
('Membre', 194, 1),
('Benevole', 194, 2),
('Membre', 193, 1),
('Benevole', 193, 2),
('Benevole', 186, 2),
('Membre', 186, 1),
('Benevole', 187, 2),
('Membre', 187, 1),
('Benevole', 188, 2),
('Membre', 188, 1),
('Benevole', 189, 2),
('Membre', 189, 1),
('Benevole', 190, 2),
('Membre', 190, 1),
('Benevole', 191, 2),
('Membre', 191, 1),
('Benevole', 192, 2),
('Membre', 192, 1),
('Benevole', 204, 2),
('Membre', 204, 1),
('Benevole', 205, 2),
('Membre', 205, 1),
('Benevole', 206, 2),
('Membre', 206, 1),
('Benevole', 207, 2),
('Membre', 207, 1),
('Benevole', 208, 3),
('Membre', 208, 1),
('Benevole', 209, 3),
('Membre', 209, 1),
('Benevole', 210, 3),
('Membre', 210, 1),
('Benevole', 211, 3),
('Membre', 211, 1),
('Benevole', 212, 3),
('Membre', 212, 1),
('Benevole', 213, 3),
('Membre', 213, 1),
('Benevole', 214, 3),
('Membre', 214, 1),
('Benevole', 215, 3),
('Membre', 215, 1),
('Benevole', 216, 3),
('Membre', 216, 1),
('Benevole', 217, 3),
('Membre', 217, 1),
('Benevole', 218, 3),
('Membre', 218, 1),
('Benevole', 219, 3),
('Membre', 219, 1),
('Benevole', 220, 3),
('Membre', 220, 1),
('Benevole', 221, 3),
('Membre', 221, 1),
('Benevole', 222, 3),
('Membre', 222, 1),
('Benevole', 223, 3),
('Membre', 223, 1),
('Benevole', 224, 3),
('Membre', 224, 1),
('Benevole', 225, 3),
('Membre', 225, 1),
('Benevole', 226, 3),
('Membre', 226, 1),
('Benevole', 227, 3),
('Membre', 227, 1),
('Benevole', 228, 3),
('Membre', 228, 1),
('Benevole', 229, 3),
('Membre', 229, 1),
('Benevole', 230, 3),
('Membre', 230, 1),
('Benevole', 231, 3),
('Membre', 231, 1),
('Benevole', 232, 3),
('Membre', 232, 1),
('Benevole', 233, 3),
('Membre', 233, 1),
('Benevole', 234, 3),
('Membre', 234, 1),
('Benevole', 235, 3),
('Membre', 235, 1),
('Benevole', 236, 3),
('Membre', 236, 1),
('Benevole', 237, 3),
('Membre', 237, 1),
('Benevole', 238, 3),
('Membre', 238, 1),
('Benevole', 239, 3),
('Membre', 239, 1),
('Benevole', 240, 3),
('Membre', 240, 1),
('Benevole', 241, 3),
('Membre', 241, 1),
('Benevole', 242, 3),
('Membre', 242, 1),
('Benevole', 243, 3),
('Membre', 243, 1),
('Benevole', 244, 3),
('Membre', 244, 1),
('Benevole', 245, 3),
('Membre', 245, 1),
('Benevole', 246, 3),
('Membre', 246, 1),
('Benevole', 247, 3),
('Membre', 247, 1),
('Benevole', 248, 3),
('Membre', 248, 1),
('Benevole', 249, 3),
('Membre', 249, 1),
('Benevole', 250, 3),
('Membre', 250, 1),
('Benevole', 251, 3),
('Membre', 251, 1),
('Benevole', 252, 3),
('Membre', 252, 1),
('Benevole', 253, 3),
('Membre', 253, 1),
('Benevole', 254, 3),
('Membre', 254, 1),
('Benevole', 255, 3),
('Membre', 255, 1),
('Benevole', 256, 3),
('Membre', 256, 1),
('Benevole', 257, 3),
('Membre', 257, 1),
('Benevole', 258, 3),
('Membre', 258, 1),
('Benevole', 259, 3),
('Membre', 259, 1),
('Benevole', 260, 3),
('Membre', 260, 1),
('Benevole', 261, 3),
('Membre', 261, 1),
('Benevole', 262, 3),
('Membre', 262, 1),
('Benevole', 263, 3),
('Membre', 263, 1),
('Benevole', 264, 3),
('Membre', 264, 1),
('Benevole', 265, 3),
('Membre', 265, 1),
('Benevole', 266, 3),
('Membre', 266, 1),
('Benevole', 267, 3),
('Membre', 267, 1),
('Benevole', 268, 3),
('Membre', 268, 1),
('Benevole', 269, 3),
('Membre', 269, 1),
('Benevole', 270, 3),
('Membre', 270, 1),
('Benevole', 271, 3),
('Membre', 271, 1),
('Benevole', 272, 3),
('Membre', 272, 1),
('Benevole', 273, 3),
('Membre', 273, 1),
('Benevole', 274, 3),
('Membre', 274, 1),
('Benevole', 275, 3),
('Membre', 275, 1),
('Benevole', 276, 3),
('Membre', 276, 1),
('Benevole', 277, 3),
('Membre', 277, 1),
('Benevole', 278, 3),
('Membre', 278, 1),
('Benevole', 279, 3),
('Membre', 279, 1),
('Benevole', 280, 3),
('Membre', 280, 1),
('Benevole', 281, 3),
('Membre', 281, 1),
('Benevole', 282, 3),
('Membre', 282, 1),
('Benevole', 283, 3),
('Membre', 283, 1),
('Benevole', 284, 3),
('Membre', 284, 1),
('Benevole', 285, 4),
('Membre', 285, 2),
('Benevole', 286, 4),
('Membre', 286, 2),
('Benevole', 287, 4),
('Membre', 287, 2),
('Benevole', 288, 4),
('Membre', 288, 2),
('Benevole', 289, 4),
('Membre', 289, 2),
('Benevole', 290, 4),
('Membre', 290, 2),
('Benevole', 291, 4),
('Membre', 291, 2),
('Benevole', 292, 4),
('Membre', 292, 2),
('Benevole', 293, 4),
('Membre', 293, 2),
('Benevole', 294, 4),
('Membre', 294, 2),
('Benevole', 295, 4),
('Membre', 295, 2),
('Benevole', 296, 4),
('Membre', 296, 2),
('Benevole', 297, 4),
('Membre', 297, 2),
('Benevole', 298, 4),
('Membre', 298, 2),
('Benevole', 299, 4),
('Membre', 299, 2),
('Benevole', 300, 4),
('Membre', 300, 2),
('Benevole', 301, 4),
('Membre', 301, 2),
('Benevole', 302, 4),
('Membre', 302, 2),
('Benevole', 303, 4),
('Membre', 303, 2),
('Benevole', 304, 4),
('Membre', 304, 2),
('Benevole', 305, 4),
('Membre', 305, 2),
('Benevole', 306, 4),
('Membre', 306, 2),
('Benevole', 307, 3),
('Membre', 307, 1),
('Benevole', 308, 3),
('Membre', 308, 1),
('Benevole', 309, 3),
('Membre', 309, 1),
('Benevole', 310, 3),
('Membre', 310, 1),
('Benevole', 311, 3),
('Membre', 311, 1),
('Benevole', 312, 3),
('Membre', 312, 1),
('Benevole', 313, 3),
('Membre', 313, 1),
('Benevole', 314, 3),
('Membre', 314, 1),
('Benevole', 315, 3),
('Membre', 315, 1),
('Benevole', 316, 3),
('Membre', 316, 1),
('Benevole', 317, 3),
('Membre', 317, 1),
('Benevole', 318, 3),
('Membre', 318, 1),
('Benevole', 319, 3),
('Membre', 319, 1),
('Benevole', 320, 3),
('Membre', 320, 1),
('Benevole', 321, 3),
('Membre', 321, 1),
('Benevole', 322, 3),
('Membre', 322, 1),
('Benevole', 323, 3),
('Membre', 323, 1),
('Benevole', 324, 3),
('Membre', 324, 1),
('Benevole', 325, 3),
('Membre', 325, 1),
('Benevole', 326, 3),
('Membre', 326, 1),
('Benevole', 327, 3),
('Membre', 327, 1),
('Benevole', 328, 2),
('Membre', 328, 1),
('Benevole', 329, 2),
('Membre', 329, 1),
('Benevole', 330, 2),
('Membre', 330, 1),
('Benevole', 331, 2),
('Membre', 331, 1),
('Benevole', 332, 2),
('Membre', 332, 1),
('Benevole', 333, 2),
('Membre', 333, 1),
('Benevole', 334, 2),
('Membre', 334, 1),
('Benevole', 335, 2),
('Membre', 335, 1),
('Benevole', 336, 2),
('Membre', 336, 1),
('Benevole', 337, 2),
('Membre', 337, 1),
('Benevole', 338, 2),
('Membre', 338, 1),
('Benevole', 339, 2),
('Membre', 339, 1),
('Benevole', 340, 2),
('Membre', 340, 1),
('Benevole', 341, 2),
('Membre', 341, 1),
('Benevole', 342, 2),
('Membre', 342, 1),
('Benevole', 343, 2),
('Membre', 343, 1),
('Benevole', 344, 2),
('Membre', 344, 1),
('Benevole', 345, 2),
('Membre', 345, 1),
('Benevole', 346, 2),
('Membre', 346, 1),
('Benevole', 347, 2),
('Membre', 347, 1),
('Benevole', 348, 2),
('Membre', 348, 1),
('Benevole', 349, 2),
('Membre', 349, 1),
('Benevole', 350, 2),
('Membre', 350, 1),
('Benevole', 351, 2),
('Membre', 351, 1),
('Benevole', 352, 2),
('Membre', 352, 1),
('Benevole', 353, 2),
('Membre', 353, 1),
('Benevole', 354, 2),
('Membre', 354, 1),
('Benevole', 355, 2),
('Membre', 355, 1),
('Benevole', 356, 2),
('Membre', 356, 1),
('Benevole', 357, 2),
('Membre', 357, 1),
('Benevole', 358, 2),
('Membre', 358, 1),
('Benevole', 359, 2),
('Membre', 359, 1),
('Benevole', 360, 2),
('Membre', 360, 1),
('Benevole', 361, 2),
('Membre', 361, 1),
('Benevole', 362, 2),
('Membre', 362, 1),
('Benevole', 363, 2),
('Membre', 363, 1),
('Benevole', 364, 2),
('Membre', 364, 1),
('Benevole', 365, 2),
('Membre', 365, 1),
('Benevole', 366, 2),
('Membre', 366, 1),
('Benevole', 367, 2),
('Membre', 367, 1),
('Benevole', 368, 2),
('Membre', 368, 1),
('Benevole', 369, 1),
('Membre', 369, 2),
('Benevole', 370, 1),
('Membre', 370, 2),
('Benevole', 371, 1),
('Membre', 371, 2),
('Benevole', 372, 1),
('Membre', 372, 2),
('Benevole', 373, 1),
('Membre', 373, 2),
('Benevole', 374, 1),
('Membre', 374, 2),
('Benevole', 375, 2),
('Membre', 375, 2),
('Benevole', 376, 2),
('Membre', 376, 2),
('Benevole', 377, 2),
('Membre', 377, 2),
('Benevole', 378, 2),
('Membre', 378, 2),
('Benevole', 379, 2),
('Membre', 379, 2),
('Benevole', 380, 2),
('Membre', 380, 2),
('Benevole', 381, 2),
('Membre', 381, 2),
('Benevole', 382, 2),
('Membre', 382, 2),
('Benevole', 383, 2),
('Membre', 383, 2),
('Benevole', 384, 2),
('Membre', 384, 2),
('Benevole', 385, 2),
('Membre', 385, 1),
('Benevole', 386, 2),
('Membre', 386, 1),
('Benevole', 387, 2),
('Membre', 387, 1),
('Benevole', 388, 2),
('Membre', 388, 1),
('Benevole', 389, 2),
('Membre', 389, 1),
('Benevole', 390, 2),
('Membre', 390, 1),
('Benevole', 391, 2),
('Membre', 391, 1),
('Benevole', 392, 2),
('Membre', 392, 1),
('Benevole', 393, 2),
('Membre', 393, 1),
('Benevole', 394, 2),
('Membre', 394, 1),
('Benevole', 395, 2),
('Membre', 395, 1),
('Benevole', 396, 2),
('Membre', 396, 1),
('Benevole', 397, 2),
('Membre', 397, 1),
('Benevole', 398, 2),
('Membre', 398, 1),
('Benevole', 399, 2),
('Membre', 399, 1),
('Benevole', 400, 2),
('Membre', 400, 1),
('Benevole', 401, 2),
('Membre', 401, 1),
('Benevole', 402, 2),
('Membre', 402, 1),
('Benevole', 403, 2),
('Membre', 403, 1),
('Benevole', 404, 2),
('Membre', 404, 1),
('Benevole', 405, 2),
('Membre', 405, 1),
('Benevole', 406, 2),
('Membre', 406, 1),
('Benevole', 407, 2),
('Membre', 407, 1),
('Benevole', 408, 2),
('Membre', 408, 1),
('Benevole', 409, 2),
('Membre', 409, 1),
('Benevole', 410, 2),
('Membre', 410, 1),
('Benevole', 411, 2),
('Membre', 411, 1),
('Benevole', 412, 2),
('Membre', 412, 1),
('Benevole', 413, 2),
('Membre', 413, 1),
('Benevole', 414, 2),
('Membre', 414, 1),
('Benevole', 415, 2),
('Membre', 415, 1),
('Benevole', 416, 3),
('Membre', 416, 1),
('Benevole', 417, 3),
('Membre', 417, 1),
('Benevole', 418, 3),
('Membre', 418, 1),
('Benevole', 419, 3),
('Membre', 419, 1),
('Benevole', 420, 3),
('Membre', 420, 1),
('Benevole', 421, 3),
('Membre', 421, 1),
('Benevole', 422, 3),
('Membre', 422, 1),
('Benevole', 423, 3),
('Membre', 423, 1),
('Benevole', 424, 3),
('Membre', 424, 1),
('Benevole', 425, 3),
('Membre', 425, 1),
('Benevole', 426, 3),
('Membre', 426, 1),
('Benevole', 427, 3),
('Membre', 427, 1),
('Benevole', 446, 2),
('Membre', 445, 1),
('Benevole', 445, 2),
('Membre', 444, 1),
('Benevole', 444, 2),
('Membre', 443, 1),
('Benevole', 443, 2),
('Membre', 442, 1),
('Benevole', 442, 2),
('Membre', 441, 1),
('Benevole', 441, 2),
('Membre', 440, 1),
('Benevole', 440, 2),
('Membre', 439, 1),
('Benevole', 439, 2),
('Benevole', 436, 2),
('Membre', 436, 1),
('Benevole', 437, 2),
('Membre', 437, 1),
('Benevole', 438, 2),
('Membre', 438, 1),
('Membre', 446, 1),
('Benevole', 447, 2),
('Membre', 447, 1),
('Benevole', 448, 2),
('Membre', 448, 1),
('Benevole', 449, 2),
('Membre', 449, 1),
('Benevole', 450, 2),
('Membre', 450, 1),
('Benevole', 451, 2),
('Membre', 451, 1),
('Benevole', 452, 2),
('Membre', 452, 1),
('Benevole', 453, 2),
('Membre', 453, 1),
('Benevole', 454, 2),
('Membre', 454, 1),
('Benevole', 455, 2),
('Membre', 455, 1),
('Benevole', 456, 2),
('Membre', 456, 1),
('Benevole', 457, 2),
('Membre', 457, 1),
('Benevole', 458, 2),
('Membre', 458, 1),
('Benevole', 459, 2),
('Membre', 459, 1),
('Benevole', 460, 2),
('Membre', 460, 1),
('Benevole', 461, 2),
('Membre', 461, 1),
('Benevole', 462, 2),
('Membre', 462, 1),
('Benevole', 463, 2),
('Membre', 463, 1),
('Benevole', 464, 2),
('Membre', 464, 1),
('Benevole', 465, 2),
('Membre', 465, 1),
('Benevole', 466, 2),
('Membre', 466, 1),
('Benevole', 467, 2),
('Membre', 467, 1),
('Benevole', 468, 2),
('Membre', 468, 1),
('Benevole', 469, 2),
('Membre', 469, 1),
('Benevole', 470, 2),
('Membre', 470, 1),
('Benevole', 471, 2),
('Membre', 471, 1),
('Benevole', 472, 2),
('Membre', 472, 1),
('Benevole', 473, 2),
('Membre', 473, 1),
('Benevole', 474, 2),
('Membre', 474, 1),
('Benevole', 475, 2),
('Membre', 475, 1),
('Benevole', 476, 2),
('Membre', 476, 1),
('Benevole', 477, 2),
('Membre', 477, 1),
('Benevole', 478, 2),
('Membre', 478, 1),
('Benevole', 479, 2),
('Membre', 479, 1),
('Benevole', 480, 2),
('Membre', 480, 1),
('Benevole', 481, 2),
('Membre', 481, 1),
('Benevole', 482, 2),
('Membre', 482, 1),
('Benevole', 483, 1),
('Membre', 483, 2),
('Benevole', 484, 1),
('Membre', 484, 2),
('Benevole', 485, 1),
('Membre', 485, 2),
('Benevole', 486, 1),
('Membre', 486, 2),
('Benevole', 487, 1),
('Membre', 487, 2),
('Benevole', 488, 1),
('Membre', 488, 2),
('Benevole', 489, 1),
('Membre', 489, 2),
('Benevole', 490, 1),
('Membre', 490, 2),
('Benevole', 491, 1),
('Membre', 491, 2),
('Benevole', 492, 1),
('Membre', 492, 2),
('Benevole', 493, 1),
('Membre', 493, 2),
('Benevole', 494, 1),
('Membre', 494, 2),
('Benevole', 495, 1),
('Membre', 495, 2),
('Benevole', 496, 1),
('Membre', 496, 2),
('Benevole', 497, 1),
('Membre', 497, 2),
('Benevole', 498, 1),
('Membre', 498, 2),
('Benevole', 499, 1),
('Membre', 499, 2),
('Benevole', 500, 1),
('Membre', 500, 2),
('Benevole', 501, 1),
('Membre', 501, 2),
('Benevole', 502, 1),
('Membre', 502, 2),
('Benevole', 503, 1),
('Membre', 503, 2),
('Benevole', 504, 1),
('Membre', 504, 2),
('Benevole', 505, 1),
('Membre', 505, 2),
('Benevole', 506, 0),
('Membre', 506, 2),
('Benevole', 507, 0),
('Membre', 507, 2),
('Benevole', 508, 0),
('Membre', 508, 2),
('Benevole', 509, 0),
('Membre', 509, 2),
('Benevole', 510, 0),
('Membre', 510, 2),
('Benevole', 511, 0),
('Membre', 511, 2),
('Benevole', 512, 0),
('Membre', 512, 2),
('Benevole', 513, 0),
('Membre', 513, 2),
('Benevole', 514, 0),
('Membre', 514, 2),
('Benevole', 515, 0),
('Membre', 515, 2),
('Benevole', 516, 0),
('Membre', 516, 2),
('Benevole', 517, 0),
('Membre', 517, 2),
('Benevole', 518, 0),
('Membre', 518, 2),
('Benevole', 519, 0),
('Membre', 519, 2),
('Benevole', 520, 0),
('Membre', 520, 2),
('Benevole', 521, 0),
('Membre', 521, 2),
('Benevole', 522, 0),
('Membre', 522, 2),
('Benevole', 523, 0),
('Membre', 523, 2),
('Benevole', 524, 0),
('Membre', 524, 2),
('Benevole', 525, 0),
('Membre', 525, 2),
('Benevole', 526, 0),
('Membre', 526, 2),
('Benevole', 527, 0),
('Membre', 527, 2),
('Benevole', 528, 0),
('Membre', 528, 2),
('Benevole', 537, 2),
('Membre', 537, 1),
('Benevole', 538, 2),
('Membre', 538, 1),
('Benevole', 539, 2),
('Membre', 539, 1);

-- --------------------------------------------------------

--
-- Structure de la table `configurer`
--

CREATE TABLE `configurer` (
  `idAdmin` varchar(30) NOT NULL,
  `idEdition` varchar(30) NOT NULL
) ENGINE=MyISAM DEFAULT CHARSET=latin1;

-- --------------------------------------------------------

--
-- Structure de la table `creneau`
--

CREATE TABLE `creneau` (
  `idCreneau` int(11) NOT NULL,
  `dateDebut` date NOT NULL,
  `heureDebut` time NOT NULL,
  `nbBenevoleManquant` int(11) NOT NULL,
  `nbMembreManquant` int(11) NOT NULL,
  `idLieu` int(11) NOT NULL,
  `idEdition` varchar(30) NOT NULL
) ENGINE=MyISAM DEFAULT CHARSET=latin1;

--
-- Déchargement des données de la table `creneau`
--

INSERT INTO `creneau` (`idCreneau`, `dateDebut`, `heureDebut`, `nbBenevoleManquant`, `nbMembreManquant`, `idLieu`, `idEdition`) VALUES
(205, '2022-06-29', '22:00:00', 2, 1, 4, 'Exemple Oral'),
(204, '2022-06-29', '21:00:00', 2, 1, 4, 'Exemple Oral'),
(9, '2022-09-24', '12:00:00', 1, 2, 1, 'Exemple LBR'),
(10, '2022-09-24', '13:00:00', 1, 2, 1, 'Exemple LBR'),
(11, '2022-09-24', '14:00:00', 1, 2, 1, 'Exemple LBR'),
(12, '2022-09-25', '03:00:00', 2, 1, 6, 'Exemple LBR'),
(13, '2022-09-25', '04:00:00', 2, 1, 6, 'Exemple LBR'),
(14, '2022-09-25', '05:00:00', 2, 1, 6, 'Exemple LBR'),
(15, '2022-09-25', '06:00:00', 2, 1, 6, 'Exemple LBR'),
(16, '2022-09-25', '07:00:00', 2, 1, 6, 'Exemple LBR'),
(17, '2022-09-25', '08:00:00', 2, 1, 6, 'Exemple LBR'),
(18, '2022-09-25', '09:00:00', 2, 1, 6, 'Exemple LBR'),
(19, '2022-09-23', '15:00:00', 1, 2, 6, 'Exemple LBR'),
(20, '2022-09-23', '16:00:00', 1, 2, 6, 'Exemple LBR'),
(21, '2022-09-23', '17:00:00', 1, 2, 6, 'Exemple LBR'),
(22, '2022-09-23', '18:00:00', 1, 2, 6, 'Exemple LBR'),
(203, '2022-06-29', '20:00:00', 2, 1, 4, 'Exemple Oral'),
(202, '2022-06-29', '19:00:00', 2, 1, 4, 'Exemple Oral'),
(201, '2022-06-29', '18:00:00', 2, 1, 4, 'Exemple Oral'),
(200, '2022-06-29', '17:00:00', 2, 1, 4, 'Exemple Oral'),
(29, '2022-09-23', '10:00:00', 0, 0, 4, 'Exemple LBR'),
(30, '2022-09-23', '11:00:00', 0, 0, 4, 'Exemple LBR'),
(40, '2020-12-30', '23:00:00', 1, 1, 5, 'Exemple Complexe'),
(131, '2020-12-30', '20:00:00', 1, 1, 4, 'Exemple Complexe'),
(132, '2020-12-30', '21:00:00', 1, 1, 4, 'Exemple Complexe'),
(133, '2020-12-30', '22:00:00', 1, 1, 4, 'Exemple Complexe'),
(134, '2020-12-30', '23:00:00', 1, 1, 4, 'Exemple Complexe'),
(135, '2020-12-30', '00:00:00', 1, 1, 4, 'Exemple Complexe'),
(148, '2022-09-23', '12:00:00', 1, 2, 14, 'Exemple LBR'),
(149, '2022-09-23', '13:00:00', 1, 2, 14, 'Exemple LBR'),
(150, '2022-09-23', '14:00:00', 1, 2, 14, 'Exemple LBR'),
(206, '2022-06-29', '23:00:00', 2, 1, 4, 'Exemple Oral'),
(207, '2022-06-29', '00:00:00', 2, 1, 4, 'Exemple Oral'),
(208, '2022-07-01', '10:00:00', 3, 1, 4, 'Exemple Oral'),
(195, '2022-06-29', '12:00:00', 2, 1, 4, 'Exemple Oral'),
(196, '2022-06-29', '13:00:00', 2, 1, 4, 'Exemple Oral'),
(197, '2022-06-29', '14:00:00', 2, 1, 4, 'Exemple Oral'),
(198, '2022-06-29', '15:00:00', 2, 1, 4, 'Exemple Oral'),
(199, '2022-06-29', '16:00:00', 2, 1, 4, 'Exemple Oral'),
(194, '2022-06-29', '11:00:00', 2, 1, 4, 'Exemple Oral'),
(193, '2022-06-29', '10:00:00', 2, 1, 4, 'Exemple Oral'),
(186, '2022-06-30', '01:00:00', 2, 1, 4, 'Exemple Oral'),
(187, '2022-06-30', '02:00:00', 2, 1, 4, 'Exemple Oral'),
(188, '2022-06-30', '03:00:00', 2, 1, 4, 'Exemple Oral'),
(189, '2022-06-30', '04:00:00', 2, 1, 4, 'Exemple Oral'),
(190, '2022-06-30', '05:00:00', 2, 1, 4, 'Exemple Oral'),
(191, '2022-06-30', '06:00:00', 2, 1, 4, 'Exemple Oral'),
(192, '2022-06-30', '07:00:00', 2, 1, 4, 'Exemple Oral'),
(209, '2022-07-01', '11:00:00', 3, 1, 4, 'Exemple Oral'),
(210, '2022-07-01', '12:00:00', 3, 1, 4, 'Exemple Oral'),
(211, '2022-07-01', '13:00:00', 3, 1, 4, 'Exemple Oral'),
(212, '2022-07-01', '14:00:00', 3, 1, 4, 'Exemple Oral'),
(213, '2022-07-01', '15:00:00', 3, 1, 4, 'Exemple Oral'),
(214, '2022-07-01', '16:00:00', 3, 1, 4, 'Exemple Oral'),
(215, '2022-07-01', '17:00:00', 3, 1, 4, 'Exemple Oral'),
(216, '2022-07-01', '18:00:00', 3, 1, 4, 'Exemple Oral'),
(217, '2022-07-01', '19:00:00', 3, 1, 4, 'Exemple Oral'),
(218, '2022-07-01', '20:00:00', 3, 1, 4, 'Exemple Oral'),
(219, '2022-07-01', '21:00:00', 3, 1, 4, 'Exemple Oral'),
(220, '2022-07-01', '22:00:00', 3, 1, 4, 'Exemple Oral'),
(221, '2022-07-01', '23:00:00', 3, 1, 4, 'Exemple Oral'),
(222, '2022-07-02', '00:00:00', 3, 1, 4, 'Exemple Oral'),
(223, '2022-07-02', '01:00:00', 3, 1, 4, 'Exemple Oral'),
(224, '2022-07-02', '02:00:00', 3, 1, 4, 'Exemple Oral'),
(225, '2022-07-02', '03:00:00', 3, 1, 4, 'Exemple Oral'),
(226, '2022-07-02', '04:00:00', 3, 1, 4, 'Exemple Oral'),
(227, '2022-07-02', '05:00:00', 3, 1, 4, 'Exemple Oral'),
(228, '2022-07-02', '18:00:00', 3, 1, 4, 'Exemple Oral'),
(229, '2022-07-02', '19:00:00', 3, 1, 4, 'Exemple Oral'),
(230, '2022-07-02', '20:00:00', 3, 1, 4, 'Exemple Oral'),
(231, '2022-07-02', '21:00:00', 3, 1, 4, 'Exemple Oral'),
(232, '2022-07-02', '22:00:00', 3, 1, 4, 'Exemple Oral'),
(233, '2022-07-02', '23:00:00', 3, 1, 4, 'Exemple Oral'),
(234, '2022-07-03', '00:00:00', 3, 1, 4, 'Exemple Oral'),
(235, '2022-07-03', '01:00:00', 3, 1, 4, 'Exemple Oral'),
(236, '2022-07-03', '02:00:00', 3, 1, 4, 'Exemple Oral'),
(237, '2022-07-03', '03:00:00', 3, 1, 4, 'Exemple Oral'),
(238, '2022-07-03', '04:00:00', 3, 1, 4, 'Exemple Oral'),
(239, '2022-07-03', '05:00:00', 3, 1, 4, 'Exemple Oral'),
(240, '2022-07-03', '06:00:00', 3, 1, 4, 'Exemple Oral'),
(241, '2022-07-03', '07:00:00', 3, 1, 4, 'Exemple Oral'),
(242, '2022-07-03', '08:00:00', 3, 1, 4, 'Exemple Oral'),
(243, '2022-07-03', '09:00:00', 3, 1, 4, 'Exemple Oral'),
(244, '2022-07-03', '10:00:00', 3, 1, 4, 'Exemple Oral'),
(245, '2022-06-29', '10:00:00', 3, 1, 1, 'Exemple Oral'),
(246, '2022-06-29', '11:00:00', 3, 1, 1, 'Exemple Oral'),
(247, '2022-06-29', '12:00:00', 3, 1, 1, 'Exemple Oral'),
(248, '2022-06-29', '13:00:00', 3, 1, 1, 'Exemple Oral'),
(249, '2022-06-29', '14:00:00', 3, 1, 1, 'Exemple Oral'),
(250, '2022-06-29', '15:00:00', 3, 1, 1, 'Exemple Oral'),
(251, '2022-06-29', '16:00:00', 3, 1, 1, 'Exemple Oral'),
(252, '2022-06-29', '17:00:00', 3, 1, 1, 'Exemple Oral'),
(253, '2022-06-29', '18:00:00', 3, 1, 1, 'Exemple Oral'),
(254, '2022-06-29', '19:00:00', 3, 1, 1, 'Exemple Oral'),
(255, '2022-06-29', '20:00:00', 3, 1, 1, 'Exemple Oral'),
(256, '2022-06-29', '21:00:00', 3, 1, 1, 'Exemple Oral'),
(257, '2022-06-29', '22:00:00', 3, 1, 1, 'Exemple Oral'),
(258, '2022-06-29', '23:00:00', 3, 1, 1, 'Exemple Oral'),
(259, '2022-06-30', '00:00:00', 3, 1, 1, 'Exemple Oral'),
(260, '2022-06-30', '01:00:00', 3, 1, 1, 'Exemple Oral'),
(261, '2022-06-30', '02:00:00', 3, 1, 1, 'Exemple Oral'),
(262, '2022-06-30', '03:00:00', 3, 1, 1, 'Exemple Oral'),
(263, '2022-06-30', '04:00:00', 3, 1, 1, 'Exemple Oral'),
(264, '2022-06-30', '05:00:00', 3, 1, 1, 'Exemple Oral'),
(265, '2022-06-30', '06:00:00', 3, 1, 1, 'Exemple Oral'),
(266, '2022-06-30', '07:00:00', 3, 1, 1, 'Exemple Oral'),
(267, '2022-06-30', '10:00:00', 3, 1, 1, 'Exemple Oral'),
(268, '2022-06-30', '11:00:00', 3, 1, 1, 'Exemple Oral'),
(269, '2022-06-30', '12:00:00', 3, 1, 1, 'Exemple Oral'),
(270, '2022-06-30', '13:00:00', 3, 1, 1, 'Exemple Oral'),
(271, '2022-06-30', '14:00:00', 3, 1, 1, 'Exemple Oral'),
(272, '2022-06-30', '15:00:00', 3, 1, 1, 'Exemple Oral'),
(273, '2022-06-30', '16:00:00', 3, 1, 1, 'Exemple Oral'),
(274, '2022-06-30', '17:00:00', 3, 1, 1, 'Exemple Oral'),
(275, '2022-06-30', '18:00:00', 3, 1, 1, 'Exemple Oral'),
(276, '2022-06-30', '19:00:00', 3, 1, 1, 'Exemple Oral'),
(277, '2022-06-30', '20:00:00', 3, 1, 1, 'Exemple Oral'),
(278, '2022-06-30', '21:00:00', 3, 1, 1, 'Exemple Oral'),
(279, '2022-06-30', '22:00:00', 3, 1, 1, 'Exemple Oral'),
(280, '2022-06-30', '23:00:00', 3, 1, 1, 'Exemple Oral'),
(281, '2022-07-01', '00:00:00', 3, 1, 1, 'Exemple Oral'),
(282, '2022-07-01', '01:00:00', 3, 1, 1, 'Exemple Oral'),
(283, '2022-07-01', '02:00:00', 3, 1, 1, 'Exemple Oral'),
(284, '2022-07-01', '03:00:00', 3, 1, 1, 'Exemple Oral'),
(285, '2022-07-01', '06:00:00', 4, 2, 1, 'Exemple Oral'),
(286, '2022-07-01', '07:00:00', 4, 2, 1, 'Exemple Oral'),
(287, '2022-07-01', '08:00:00', 4, 2, 1, 'Exemple Oral'),
(288, '2022-07-01', '09:00:00', 4, 2, 1, 'Exemple Oral'),
(289, '2022-07-01', '10:00:00', 4, 2, 1, 'Exemple Oral'),
(290, '2022-07-01', '11:00:00', 4, 2, 1, 'Exemple Oral'),
(291, '2022-07-01', '12:00:00', 4, 2, 1, 'Exemple Oral'),
(292, '2022-07-01', '13:00:00', 4, 2, 1, 'Exemple Oral'),
(293, '2022-07-01', '14:00:00', 4, 2, 1, 'Exemple Oral'),
(294, '2022-07-01', '15:00:00', 4, 2, 1, 'Exemple Oral'),
(295, '2022-07-01', '16:00:00', 4, 2, 1, 'Exemple Oral'),
(296, '2022-07-01', '17:00:00', 4, 2, 1, 'Exemple Oral'),
(297, '2022-07-01', '18:00:00', 4, 2, 1, 'Exemple Oral'),
(298, '2022-07-01', '19:00:00', 4, 2, 1, 'Exemple Oral'),
(299, '2022-07-01', '20:00:00', 4, 2, 1, 'Exemple Oral'),
(300, '2022-07-01', '21:00:00', 4, 2, 1, 'Exemple Oral'),
(301, '2022-07-01', '22:00:00', 4, 2, 1, 'Exemple Oral'),
(302, '2022-07-01', '23:00:00', 4, 2, 1, 'Exemple Oral'),
(303, '2022-07-02', '00:00:00', 4, 2, 1, 'Exemple Oral'),
(304, '2022-07-02', '01:00:00', 4, 2, 1, 'Exemple Oral'),
(305, '2022-07-02', '02:00:00', 4, 2, 1, 'Exemple Oral'),
(306, '2022-07-02', '03:00:00', 4, 2, 1, 'Exemple Oral'),
(307, '2022-06-29', '05:00:00', 3, 1, 11, 'Exemple Oral'),
(308, '2022-06-29', '06:00:00', 3, 1, 11, 'Exemple Oral'),
(309, '2022-06-29', '07:00:00', 3, 1, 11, 'Exemple Oral'),
(310, '2022-06-29', '08:00:00', 3, 1, 11, 'Exemple Oral'),
(311, '2022-06-29', '09:00:00', 3, 1, 11, 'Exemple Oral'),
(312, '2022-06-29', '10:00:00', 3, 1, 11, 'Exemple Oral'),
(313, '2022-06-29', '11:00:00', 3, 1, 11, 'Exemple Oral'),
(314, '2022-06-29', '12:00:00', 3, 1, 11, 'Exemple Oral'),
(315, '2022-06-29', '13:00:00', 3, 1, 11, 'Exemple Oral'),
(316, '2022-06-29', '14:00:00', 3, 1, 11, 'Exemple Oral'),
(317, '2022-06-29', '15:00:00', 3, 1, 11, 'Exemple Oral'),
(318, '2022-06-29', '16:00:00', 3, 1, 11, 'Exemple Oral'),
(319, '2022-06-29', '17:00:00', 3, 1, 11, 'Exemple Oral'),
(320, '2022-06-29', '18:00:00', 3, 1, 11, 'Exemple Oral'),
(321, '2022-06-29', '19:00:00', 3, 1, 11, 'Exemple Oral'),
(322, '2022-06-29', '20:00:00', 3, 1, 11, 'Exemple Oral'),
(323, '2022-06-29', '21:00:00', 3, 1, 11, 'Exemple Oral'),
(324, '2022-06-29', '22:00:00', 3, 1, 11, 'Exemple Oral'),
(325, '2022-06-29', '23:00:00', 3, 1, 11, 'Exemple Oral'),
(326, '2022-06-30', '00:00:00', 3, 1, 11, 'Exemple Oral'),
(327, '2022-06-30', '01:00:00', 3, 1, 11, 'Exemple Oral'),
(328, '2022-06-29', '10:00:00', 2, 1, 2, 'Exemple Oral'),
(329, '2022-06-29', '11:00:00', 2, 1, 2, 'Exemple Oral'),
(330, '2022-06-29', '12:00:00', 2, 1, 2, 'Exemple Oral'),
(331, '2022-06-29', '13:00:00', 2, 1, 2, 'Exemple Oral'),
(332, '2022-06-29', '14:00:00', 2, 1, 2, 'Exemple Oral'),
(333, '2022-06-29', '15:00:00', 2, 1, 2, 'Exemple Oral'),
(334, '2022-06-29', '16:00:00', 2, 1, 2, 'Exemple Oral'),
(335, '2022-06-29', '17:00:00', 2, 1, 2, 'Exemple Oral'),
(336, '2022-06-29', '18:00:00', 2, 1, 2, 'Exemple Oral'),
(337, '2022-06-29', '19:00:00', 2, 1, 2, 'Exemple Oral'),
(338, '2022-06-29', '20:00:00', 2, 1, 2, 'Exemple Oral'),
(339, '2022-06-29', '21:00:00', 2, 1, 2, 'Exemple Oral'),
(340, '2022-06-29', '22:00:00', 2, 1, 2, 'Exemple Oral'),
(341, '2022-06-29', '23:00:00', 2, 1, 2, 'Exemple Oral'),
(342, '2022-06-30', '00:00:00', 2, 1, 2, 'Exemple Oral'),
(343, '2022-06-30', '01:00:00', 2, 1, 2, 'Exemple Oral'),
(344, '2022-06-30', '02:00:00', 2, 1, 2, 'Exemple Oral'),
(345, '2022-06-30', '03:00:00', 2, 1, 2, 'Exemple Oral'),
(346, '2022-06-30', '04:00:00', 2, 1, 2, 'Exemple Oral'),
(347, '2022-06-30', '05:00:00', 2, 1, 2, 'Exemple Oral'),
(348, '2022-06-30', '06:00:00', 2, 1, 2, 'Exemple Oral'),
(349, '2022-06-29', '10:00:00', 2, 1, 3, 'Exemple Oral'),
(350, '2022-06-29', '11:00:00', 2, 1, 3, 'Exemple Oral'),
(351, '2022-06-29', '12:00:00', 2, 1, 3, 'Exemple Oral'),
(352, '2022-06-29', '13:00:00', 2, 1, 3, 'Exemple Oral'),
(353, '2022-06-29', '14:00:00', 2, 1, 3, 'Exemple Oral'),
(354, '2022-06-29', '15:00:00', 2, 1, 3, 'Exemple Oral'),
(355, '2022-06-29', '16:00:00', 2, 1, 3, 'Exemple Oral'),
(356, '2022-06-29', '17:00:00', 2, 1, 3, 'Exemple Oral'),
(357, '2022-06-29', '18:00:00', 2, 1, 3, 'Exemple Oral'),
(358, '2022-06-29', '19:00:00', 2, 1, 3, 'Exemple Oral'),
(359, '2022-06-29', '20:00:00', 2, 1, 3, 'Exemple Oral'),
(360, '2022-06-29', '21:00:00', 2, 1, 3, 'Exemple Oral'),
(361, '2022-06-29', '22:00:00', 2, 1, 3, 'Exemple Oral'),
(362, '2022-06-29', '23:00:00', 2, 1, 3, 'Exemple Oral'),
(363, '2022-06-30', '00:00:00', 2, 1, 3, 'Exemple Oral'),
(364, '2022-06-30', '01:00:00', 2, 1, 3, 'Exemple Oral'),
(365, '2022-06-30', '02:00:00', 2, 1, 3, 'Exemple Oral'),
(366, '2022-06-30', '03:00:00', 2, 1, 3, 'Exemple Oral'),
(367, '2022-06-30', '04:00:00', 2, 1, 3, 'Exemple Oral'),
(368, '2022-06-30', '05:00:00', 2, 1, 3, 'Exemple Oral'),
(369, '2022-06-29', '02:00:00', 1, 2, 4, 'Exemple Oral'),
(370, '2022-06-29', '03:00:00', 1, 2, 4, 'Exemple Oral'),
(371, '2022-06-29', '04:00:00', 1, 2, 4, 'Exemple Oral'),
(372, '2022-06-29', '05:00:00', 1, 2, 4, 'Exemple Oral'),
(373, '2022-06-29', '06:00:00', 1, 2, 4, 'Exemple Oral'),
(374, '2022-06-29', '07:00:00', 1, 2, 4, 'Exemple Oral'),
(375, '2022-07-02', '07:00:00', 2, 2, 4, 'Exemple Oral'),
(376, '2022-07-02', '08:00:00', 2, 2, 4, 'Exemple Oral'),
(377, '2022-07-02', '09:00:00', 2, 2, 4, 'Exemple Oral'),
(378, '2022-07-02', '10:00:00', 2, 2, 4, 'Exemple Oral'),
(379, '2022-07-02', '11:00:00', 2, 2, 4, 'Exemple Oral'),
(380, '2022-07-02', '12:00:00', 2, 2, 4, 'Exemple Oral'),
(381, '2022-07-02', '13:00:00', 2, 2, 4, 'Exemple Oral'),
(382, '2022-07-02', '14:00:00', 2, 2, 4, 'Exemple Oral'),
(383, '2022-07-02', '15:00:00', 2, 2, 4, 'Exemple Oral'),
(384, '2022-07-02', '16:00:00', 2, 2, 4, 'Exemple Oral'),
(385, '2022-06-29', '00:00:00', 2, 1, 1, 'Exemple Oral'),
(386, '2022-06-29', '01:00:00', 2, 1, 1, 'Exemple Oral'),
(387, '2022-06-29', '02:00:00', 2, 1, 1, 'Exemple Oral'),
(388, '2022-06-29', '03:00:00', 2, 1, 1, 'Exemple Oral'),
(389, '2022-06-29', '04:00:00', 2, 1, 1, 'Exemple Oral'),
(390, '2022-06-29', '05:00:00', 2, 1, 1, 'Exemple Oral'),
(391, '2022-06-29', '06:00:00', 2, 1, 1, 'Exemple Oral'),
(392, '2022-06-29', '07:00:00', 2, 1, 1, 'Exemple Oral'),
(393, '2022-07-02', '06:00:00', 2, 1, 1, 'Exemple Oral'),
(394, '2022-07-02', '07:00:00', 2, 1, 1, 'Exemple Oral'),
(395, '2022-07-02', '08:00:00', 2, 1, 1, 'Exemple Oral'),
(396, '2022-07-02', '09:00:00', 2, 1, 1, 'Exemple Oral'),
(397, '2022-07-02', '10:00:00', 2, 1, 1, 'Exemple Oral'),
(398, '2022-07-02', '11:00:00', 2, 1, 1, 'Exemple Oral'),
(399, '2022-07-02', '12:00:00', 2, 1, 1, 'Exemple Oral'),
(400, '2022-07-02', '13:00:00', 2, 1, 1, 'Exemple Oral'),
(401, '2022-07-02', '14:00:00', 2, 1, 1, 'Exemple Oral'),
(402, '2022-07-02', '15:00:00', 2, 1, 1, 'Exemple Oral'),
(403, '2022-07-02', '16:00:00', 2, 1, 1, 'Exemple Oral'),
(404, '2022-07-02', '17:00:00', 2, 1, 1, 'Exemple Oral'),
(405, '2022-07-02', '18:00:00', 2, 1, 1, 'Exemple Oral'),
(406, '2022-07-02', '19:00:00', 2, 1, 1, 'Exemple Oral'),
(407, '2022-07-02', '20:00:00', 2, 1, 1, 'Exemple Oral'),
(408, '2022-07-02', '21:00:00', 2, 1, 1, 'Exemple Oral'),
(409, '2022-07-02', '22:00:00', 2, 1, 1, 'Exemple Oral'),
(410, '2022-07-02', '23:00:00', 2, 1, 1, 'Exemple Oral'),
(411, '2022-07-03', '00:00:00', 2, 1, 1, 'Exemple Oral'),
(412, '2022-07-03', '01:00:00', 2, 1, 1, 'Exemple Oral'),
(413, '2022-07-03', '02:00:00', 2, 1, 1, 'Exemple Oral'),
(414, '2022-07-03', '03:00:00', 2, 1, 1, 'Exemple Oral'),
(415, '2022-07-03', '04:00:00', 2, 1, 1, 'Exemple Oral'),
(416, '2022-07-03', '12:00:00', 3, 1, 3, 'Exemple Oral'),
(417, '2022-07-03', '13:00:00', 3, 1, 3, 'Exemple Oral'),
(418, '2022-07-03', '14:00:00', 3, 1, 3, 'Exemple Oral'),
(419, '2022-07-03', '15:00:00', 3, 1, 3, 'Exemple Oral'),
(420, '2022-07-03', '16:00:00', 3, 1, 3, 'Exemple Oral'),
(421, '2022-07-03', '17:00:00', 3, 1, 3, 'Exemple Oral'),
(422, '2022-07-03', '18:00:00', 3, 1, 3, 'Exemple Oral'),
(423, '2022-07-03', '19:00:00', 3, 1, 3, 'Exemple Oral'),
(424, '2022-07-03', '20:00:00', 3, 1, 3, 'Exemple Oral'),
(425, '2022-07-03', '21:00:00', 3, 1, 3, 'Exemple Oral'),
(426, '2022-07-03', '22:00:00', 3, 1, 3, 'Exemple Oral'),
(427, '2022-07-03', '23:00:00', 3, 1, 3, 'Exemple Oral'),
(443, '2022-07-01', '05:00:00', 2, 1, 11, 'Exemple Oral'),
(442, '2022-07-01', '04:00:00', 2, 1, 11, 'Exemple Oral'),
(441, '2022-07-01', '03:00:00', 2, 1, 11, 'Exemple Oral'),
(440, '2022-07-01', '02:00:00', 2, 1, 11, 'Exemple Oral'),
(439, '2022-07-01', '01:00:00', 2, 1, 11, 'Exemple Oral'),
(444, '2022-07-01', '06:00:00', 2, 1, 11, 'Exemple Oral'),
(445, '2022-07-01', '07:00:00', 2, 1, 11, 'Exemple Oral'),
(446, '2022-07-01', '08:00:00', 2, 1, 11, 'Exemple Oral'),
(447, '2022-07-01', '09:00:00', 2, 1, 11, 'Exemple Oral'),
(448, '2022-07-01', '10:00:00', 2, 1, 11, 'Exemple Oral'),
(449, '2022-07-01', '11:00:00', 2, 1, 11, 'Exemple Oral'),
(450, '2022-07-01', '12:00:00', 2, 1, 11, 'Exemple Oral'),
(451, '2022-07-01', '13:00:00', 2, 1, 11, 'Exemple Oral'),
(452, '2022-07-01', '14:00:00', 2, 1, 11, 'Exemple Oral'),
(453, '2022-07-01', '15:00:00', 2, 1, 11, 'Exemple Oral'),
(454, '2022-07-01', '16:00:00', 2, 1, 11, 'Exemple Oral'),
(455, '2022-07-01', '17:00:00', 2, 1, 11, 'Exemple Oral'),
(456, '2022-07-01', '18:00:00', 2, 1, 11, 'Exemple Oral'),
(457, '2022-07-01', '19:00:00', 2, 1, 11, 'Exemple Oral'),
(458, '2022-07-01', '20:00:00', 2, 1, 11, 'Exemple Oral'),
(459, '2022-07-01', '21:00:00', 2, 1, 11, 'Exemple Oral'),
(460, '2022-07-01', '22:00:00', 2, 1, 11, 'Exemple Oral'),
(461, '2022-07-01', '23:00:00', 2, 1, 11, 'Exemple Oral'),
(462, '2022-07-01', '02:00:00', 2, 1, 11, 'Exemple Oral'),
(463, '2022-07-01', '03:00:00', 2, 1, 11, 'Exemple Oral'),
(464, '2022-07-01', '04:00:00', 2, 1, 11, 'Exemple Oral'),
(465, '2022-07-01', '05:00:00', 2, 1, 11, 'Exemple Oral'),
(466, '2022-07-01', '06:00:00', 2, 1, 11, 'Exemple Oral'),
(467, '2022-07-01', '07:00:00', 2, 1, 11, 'Exemple Oral'),
(468, '2022-07-01', '08:00:00', 2, 1, 11, 'Exemple Oral'),
(469, '2022-07-01', '09:00:00', 2, 1, 11, 'Exemple Oral'),
(470, '2022-07-01', '10:00:00', 2, 1, 11, 'Exemple Oral'),
(471, '2022-07-01', '11:00:00', 2, 1, 11, 'Exemple Oral'),
(472, '2022-07-01', '12:00:00', 2, 1, 11, 'Exemple Oral'),
(473, '2022-07-01', '13:00:00', 2, 1, 11, 'Exemple Oral'),
(474, '2022-07-01', '14:00:00', 2, 1, 11, 'Exemple Oral'),
(475, '2022-07-01', '15:00:00', 2, 1, 11, 'Exemple Oral'),
(476, '2022-07-01', '16:00:00', 2, 1, 11, 'Exemple Oral'),
(477, '2022-07-01', '17:00:00', 2, 1, 11, 'Exemple Oral'),
(478, '2022-07-01', '18:00:00', 2, 1, 11, 'Exemple Oral'),
(479, '2022-07-01', '19:00:00', 2, 1, 11, 'Exemple Oral'),
(480, '2022-07-01', '20:00:00', 2, 1, 11, 'Exemple Oral'),
(481, '2022-07-01', '21:00:00', 2, 1, 11, 'Exemple Oral'),
(482, '2022-07-01', '22:00:00', 2, 1, 11, 'Exemple Oral'),
(483, '2022-07-03', '00:00:00', 1, 2, 11, 'Exemple Oral'),
(484, '2022-07-03', '01:00:00', 1, 2, 11, 'Exemple Oral'),
(485, '2022-07-03', '02:00:00', 1, 2, 11, 'Exemple Oral'),
(486, '2022-07-03', '03:00:00', 1, 2, 11, 'Exemple Oral'),
(487, '2022-07-03', '04:00:00', 1, 2, 11, 'Exemple Oral'),
(488, '2022-07-03', '05:00:00', 1, 2, 11, 'Exemple Oral'),
(489, '2022-07-03', '06:00:00', 1, 2, 11, 'Exemple Oral'),
(490, '2022-07-03', '07:00:00', 1, 2, 11, 'Exemple Oral'),
(491, '2022-07-03', '08:00:00', 1, 2, 11, 'Exemple Oral'),
(492, '2022-07-03', '09:00:00', 1, 2, 11, 'Exemple Oral'),
(493, '2022-07-03', '10:00:00', 1, 2, 11, 'Exemple Oral'),
(494, '2022-07-03', '11:00:00', 1, 2, 11, 'Exemple Oral'),
(495, '2022-07-03', '12:00:00', 1, 2, 11, 'Exemple Oral'),
(496, '2022-07-03', '13:00:00', 1, 2, 11, 'Exemple Oral'),
(497, '2022-07-03', '14:00:00', 1, 2, 11, 'Exemple Oral'),
(498, '2022-07-03', '15:00:00', 1, 2, 11, 'Exemple Oral'),
(499, '2022-07-03', '16:00:00', 1, 2, 11, 'Exemple Oral'),
(500, '2022-07-03', '17:00:00', 1, 2, 11, 'Exemple Oral'),
(501, '2022-07-03', '18:00:00', 1, 2, 11, 'Exemple Oral'),
(502, '2022-07-03', '19:00:00', 1, 2, 11, 'Exemple Oral'),
(503, '2022-07-03', '20:00:00', 1, 2, 11, 'Exemple Oral'),
(504, '2022-07-03', '21:00:00', 1, 2, 11, 'Exemple Oral'),
(505, '2022-07-03', '22:00:00', 1, 2, 11, 'Exemple Oral'),
(506, '2022-07-02', '00:00:00', 0, 2, 11, 'Exemple Oral'),
(507, '2022-07-02', '01:00:00', 0, 2, 11, 'Exemple Oral'),
(508, '2022-07-02', '02:00:00', 0, 2, 11, 'Exemple Oral'),
(509, '2022-07-02', '03:00:00', 0, 2, 11, 'Exemple Oral'),
(510, '2022-07-02', '04:00:00', 0, 2, 11, 'Exemple Oral'),
(511, '2022-07-02', '05:00:00', 0, 2, 11, 'Exemple Oral'),
(512, '2022-07-02', '06:00:00', 0, 2, 11, 'Exemple Oral'),
(513, '2022-07-02', '07:00:00', 0, 2, 11, 'Exemple Oral'),
(514, '2022-07-02', '08:00:00', 0, 2, 11, 'Exemple Oral'),
(515, '2022-07-02', '09:00:00', 0, 2, 11, 'Exemple Oral'),
(516, '2022-07-02', '10:00:00', 0, 2, 11, 'Exemple Oral'),
(517, '2022-07-02', '11:00:00', 0, 2, 11, 'Exemple Oral'),
(518, '2022-07-02', '12:00:00', 0, 2, 11, 'Exemple Oral'),
(519, '2022-07-02', '13:00:00', 0, 2, 11, 'Exemple Oral'),
(520, '2022-07-02', '14:00:00', 0, 2, 11, 'Exemple Oral'),
(521, '2022-07-02', '15:00:00', 0, 2, 11, 'Exemple Oral'),
(522, '2022-07-02', '16:00:00', 0, 2, 11, 'Exemple Oral'),
(523, '2022-07-02', '17:00:00', 0, 2, 11, 'Exemple Oral'),
(524, '2022-07-02', '18:00:00', 0, 2, 11, 'Exemple Oral'),
(525, '2022-07-02', '19:00:00', 0, 2, 11, 'Exemple Oral'),
(526, '2022-07-02', '20:00:00', 0, 2, 11, 'Exemple Oral'),
(527, '2022-07-02', '21:00:00', 0, 2, 11, 'Exemple Oral'),
(528, '2022-07-02', '22:00:00', 0, 2, 11, 'Exemple Oral');

-- --------------------------------------------------------

--
-- Structure de la table `edition`
--

CREATE TABLE `edition` (
  `idEdition` varchar(30) NOT NULL,
  `nbJour` int(11) NOT NULL,
  `dateJ1` date NOT NULL,
  `nbHeureBenevoleDefaut` int(11) NOT NULL
) ENGINE=MyISAM DEFAULT CHARSET=latin1;

--
-- Déchargement des données de la table `edition`
--

INSERT INTO `edition` (`idEdition`, `nbJour`, `dateJ1`, `nbHeureBenevoleDefaut`) VALUES
('Exemple LBR', 3, '2022-09-23', 6),
('Exemple Complexe', 5, '2020-12-30', 6),
('test', 3, '2022-06-29', 6),
('Exemple Oral', 5, '2022-06-29', 6);

-- --------------------------------------------------------

--
-- Structure de la table `exister`
--

CREATE TABLE `exister` (
  `idEdition` varchar(30) NOT NULL,
  `idLieu` int(11) NOT NULL
) ENGINE=MyISAM DEFAULT CHARSET=latin1;

--
-- Déchargement des données de la table `exister`
--

INSERT INTO `exister` (`idEdition`, `idLieu`) VALUES
('Exemple Complexe', 1),
('Exemple Complexe', 2),
('Exemple Complexe', 3),
('Exemple Complexe', 4),
('Exemple Complexe', 5),
('Exemple Complexe', 6),
('Exemple Complexe', 7),
('Exemple Complexe', 8),
('Exemple Complexe', 9),
('Exemple Complexe', 10),
('Exemple Complexe', 11),
('Exemple Complexe', 12),
('Exemple Complexe', 13),
('Exemple Complexe', 14),
('Exemple Complexe', 15),
('Exemple LBR', 1),
('Exemple LBR', 2),
('Exemple LBR', 3),
('Exemple LBR', 4),
('Exemple LBR', 5),
('Exemple LBR', 6),
('Exemple LBR', 7),
('Exemple LBR', 8),
('Exemple LBR', 9),
('Exemple LBR', 10),
('Exemple LBR', 11),
('Exemple LBR', 12),
('Exemple LBR', 13),
('Exemple LBR', 14),
('Exemple LBR', 15),
('Exemple Oral', 4),
('Exemple Oral', 1),
('Exemple Oral', 11),
('Exemple Oral', 2),
('Exemple Oral', 3);

-- --------------------------------------------------------

--
-- Structure de la table `lieu`
--

CREATE TABLE `lieu` (
  `idLieu` int(11) NOT NULL,
  `nom` varchar(100) NOT NULL,
  `idCouleur` varchar(30) NOT NULL
) ENGINE=MyISAM DEFAULT CHARSET=latin1;

--
-- Déchargement des données de la table `lieu`
--

INSERT INTO `lieu` (`idLieu`, `nom`, `idCouleur`) VALUES
(1, 'Bar 1', '#ff9562'),
(2, 'Scène 1', '#ff667d'),
(3, 'Toilettes', '#80ff80'),
(4, 'Accueil', '#ff8040'),
(5, 'Billeterie', '#ff8040'),
(6, 'Jardin', '#afff80'),
(7, 'Scène 2', '#d2a6ff'),
(8, 'Restaurant', '#8c9dff'),
(9, 'Parking', '#808080'),
(10, 'Station Bus', '#ffaed7'),
(11, 'Bar 2', '#c58989'),
(12, 'Infirmerie', '#85c2c2'),
(13, 'Camping', '#ffc855'),
(14, 'Point Recontre 1', '#c986ff'),
(15, 'Point Recontre 2', '#00e874'),
(94, 'Bar', '#fffee6');

-- --------------------------------------------------------

--
-- Structure de la table `participer`
--

CREATE TABLE `participer` (
  `idEdition` varchar(30) NOT NULL,
  `idPersonne` int(11) NOT NULL,
  `heureDispoJ1` time NOT NULL,
  `nbHeureAFaire` int(11) NOT NULL,
  `nbHeurePlanifiee` int(11) NOT NULL
) ENGINE=MyISAM DEFAULT CHARSET=latin1;

--
-- Déchargement des données de la table `participer`
--

INSERT INTO `participer` (`idEdition`, `idPersonne`, `heureDispoJ1`, `nbHeureAFaire`, `nbHeurePlanifiee`) VALUES
('Exemple LBR', 1, '00:00:00', 0, 0),
('Exemple LBR', 2, '00:00:00', 0, 0),
('Exemple LBR', 3, '00:00:00', 0, 0),
('Exemple LBR', 4, '00:00:00', 0, 0),
('Exemple LBR', 5, '00:00:00', 0, 0),
('Exemple LBR', 6, '00:00:00', 0, 0),
('Exemple LBR', 8, '00:00:00', 0, 0),
('Exemple LBR', 9, '00:00:00', 0, 0),
('Exemple LBR', 10, '00:00:00', 0, 0),
('Exemple LBR', 11, '00:00:00', 0, 0),
('Exemple LBR', 12, '00:00:00', 0, 0),
('Exemple LBR', 13, '00:00:00', 0, 0),
('Exemple LBR', 14, '00:00:00', 0, 0),
('Exemple LBR', 15, '00:00:00', 0, 0),
('Exemple LBR', 16, '00:00:00', 0, 0),
('Exemple LBR', 17, '00:00:00', 0, 0),
('Exemple LBR', 18, '00:00:00', 0, 1),
('Exemple LBR', 19, '00:00:00', 0, 0),
('Exemple LBR', 20, '00:00:00', 0, 0),
('Exemple LBR', 21, '00:00:00', 0, 0),
('Exemple LBR', 22, '00:00:00', 0, 0),
('Exemple LBR', 23, '00:00:00', 0, 0),
('Exemple LBR', 24, '00:00:00', 0, 0),
('Exemple LBR', 25, '00:00:00', 0, 0),
('Exemple LBR', 26, '00:00:00', 0, 0),
('Exemple LBR', 27, '00:00:00', 0, 0),
('Exemple LBR', 28, '00:00:00', 0, 0),
('Exemple LBR', 29, '00:00:00', 0, 0),
('Exemple LBR', 30, '00:00:00', 0, 0),
('Exemple LBR', 31, '00:00:00', 0, 0),
('Exemple LBR', 32, '00:00:00', 0, 0),
('Exemple LBR', 33, '00:00:00', 0, 0),
('Exemple LBR', 34, '00:00:00', 0, 0),
('Exemple LBR', 35, '00:00:00', 0, 0),
('Exemple LBR', 36, '00:00:00', 0, 0),
('Exemple LBR', 37, '00:00:00', 0, 0),
('Exemple LBR', 38, '00:00:00', 0, 0),
('Exemple LBR', 39, '00:00:00', 0, 0),
('Exemple LBR', 40, '00:00:00', 0, 0),
('Exemple LBR', 41, '00:00:00', 0, 0),
('Exemple LBR', 42, '00:00:00', 0, 0),
('Exemple LBR', 43, '00:00:00', 0, 0),
('Exemple LBR', 44, '00:00:00', 0, 0),
('Exemple LBR', 45, '00:00:00', 0, 0),
('Exemple LBR', 46, '00:00:00', 0, 0),
('Exemple LBR', 47, '00:00:00', 0, 0),
('Exemple LBR', 48, '00:00:00', 0, 0),
('Exemple LBR', 49, '00:00:00', 0, 0),
('Exemple LBR', 50, '00:00:00', 0, 0),
('Exemple LBR', 51, '00:00:00', 0, 0),
('Exemple LBR', 52, '00:00:00', 0, 0),
('Exemple LBR', 53, '00:00:00', 0, 0),
('Exemple LBR', 54, '00:00:00', 0, 0),
('Exemple LBR', 55, '00:00:00', 0, 0),
('Exemple LBR', 56, '00:00:00', 0, 0),
('Exemple LBR', 57, '00:00:00', 0, 0),
('Exemple LBR', 58, '00:00:00', 0, 0),
('Exemple LBR', 59, '00:00:00', 0, 0),
('Exemple LBR', 60, '00:00:00', 0, 0),
('Exemple LBR', 61, '00:00:00', 0, 0),
('Exemple LBR', 62, '00:00:00', 0, 0),
('Exemple LBR', 63, '00:00:00', 0, 0),
('Exemple LBR', 64, '00:00:00', 0, 0),
('Exemple LBR', 65, '00:00:00', 0, 0),
('Exemple LBR', 66, '00:00:00', 0, 0),
('Exemple LBR', 67, '00:00:00', 0, 0),
('Exemple LBR', 68, '00:00:00', 0, 0),
('Exemple LBR', 69, '00:00:00', 0, 0),
('Exemple LBR', 70, '00:00:00', 0, 0),
('Exemple LBR', 71, '00:00:00', 0, 0),
('Exemple LBR', 72, '00:00:00', 0, 0),
('Exemple LBR', 73, '00:00:00', 0, 0),
('Exemple LBR', 74, '00:00:00', 0, 0),
('Exemple LBR', 75, '00:00:00', 0, 0),
('Exemple LBR', 76, '00:00:00', 0, 0),
('Exemple LBR', 77, '00:00:00', 0, 0),
('Exemple LBR', 78, '00:00:00', 0, 0),
('Exemple LBR', 79, '00:00:00', 0, 0),
('Exemple LBR', 80, '00:00:00', 0, 0),
('Exemple LBR', 81, '00:00:00', 0, 0),
('Exemple LBR', 82, '00:00:00', 0, 0),
('Exemple LBR', 83, '00:00:00', 0, 0),
('Exemple LBR', 84, '00:00:00', 0, 0),
('Exemple LBR', 85, '00:00:00', 0, 0),
('Exemple LBR', 86, '00:00:00', 0, 0),
('Exemple LBR', 87, '00:00:00', 0, 0),
('Exemple LBR', 88, '00:00:00', 0, 0),
('Exemple LBR', 89, '00:00:00', 0, 0),
('Exemple LBR', 90, '00:00:00', 0, 0),
('Exemple LBR', 91, '00:00:00', 0, 0),
('Exemple LBR', 92, '00:00:00', 0, 0),
('Exemple LBR', 93, '00:00:00', 0, 0),
('Exemple LBR', 94, '00:00:00', 0, 0),
('Exemple LBR', 95, '00:00:00', 0, 0),
('Exemple LBR', 96, '00:00:00', 0, 0),
('Exemple LBR', 97, '00:00:00', 0, 0),
('Exemple LBR', 98, '00:00:00', 0, 0),
('Exemple LBR', 99, '00:00:00', 0, 0),
('Exemple LBR', 100, '00:00:00', 0, 0),
('Exemple LBR', 101, '00:00:00', 0, 0),
('Exemple LBR', 102, '00:00:00', 0, 0),
('Exemple LBR', 103, '00:00:00', 0, 0),
('Exemple LBR', 104, '00:00:00', 0, 0),
('Exemple LBR', 105, '00:00:00', 0, 0),
('Exemple LBR', 106, '00:00:00', 0, 0),
('Exemple LBR', 107, '00:00:00', 0, 0),
('Exemple LBR', 108, '00:00:00', 0, 0),
('Exemple LBR', 109, '00:00:00', 0, 0),
('Exemple LBR', 110, '00:00:00', 0, 0),
('Exemple LBR', 111, '00:00:00', 0, 0),
('Exemple LBR', 112, '00:00:00', 0, 0),
('Exemple LBR', 113, '00:00:00', 0, 0),
('Exemple LBR', 114, '00:00:00', 0, 0),
('Exemple LBR', 115, '00:00:00', 0, 0),
('Exemple LBR', 116, '00:00:00', 0, 0),
('Exemple LBR', 117, '00:00:00', 0, 0),
('Exemple LBR', 118, '00:00:00', 0, 0),
('Exemple LBR', 119, '00:00:00', 0, 0),
('Exemple LBR', 120, '00:00:00', 0, 0),
('Exemple LBR', 121, '00:00:00', 0, 0),
('Exemple LBR', 122, '00:00:00', 0, 0),
('Exemple LBR', 123, '00:00:00', 0, 0),
('Exemple LBR', 124, '00:00:00', 0, 0),
('Exemple LBR', 125, '00:00:00', 0, 0),
('Exemple LBR', 126, '00:00:00', 0, 0),
('Exemple LBR', 127, '00:00:00', 0, 0),
('Exemple LBR', 128, '00:00:00', 0, 0),
('Exemple LBR', 129, '00:00:00', 0, 0),
('Exemple LBR', 130, '00:00:00', 0, 0),
('Exemple LBR', 131, '00:00:00', 0, 0),
('Exemple LBR', 132, '00:00:00', 0, 0),
('Exemple LBR', 133, '00:00:00', 0, 0),
('Exemple LBR', 134, '00:00:00', 0, 0),
('Exemple LBR', 135, '00:00:00', 0, 0),
('Exemple LBR', 136, '00:00:00', 0, 0),
('Exemple LBR', 137, '00:00:00', 0, 0),
('Exemple LBR', 138, '00:00:00', 0, 0),
('Exemple LBR', 139, '00:00:00', 0, 0),
('Exemple LBR', 140, '00:00:00', 0, 0),
('Exemple LBR', 141, '00:00:00', 0, 0),
('Exemple LBR', 142, '00:00:00', 0, 0),
('Exemple LBR', 143, '00:00:00', 0, 0),
('Exemple LBR', 144, '00:00:00', 0, 0),
('Exemple LBR', 145, '00:00:00', 0, 0),
('Exemple LBR', 146, '00:00:00', 0, 0),
('Exemple LBR', 147, '00:00:00', 0, 0),
('Exemple LBR', 148, '00:00:00', 0, 0),
('Exemple LBR', 149, '00:00:00', 0, 0),
('Exemple LBR', 150, '00:00:00', 0, 0),
('Exemple LBR', 151, '00:00:00', 0, 0),
('Exemple LBR', 152, '00:00:00', 0, 0),
('Exemple LBR', 153, '00:00:00', 0, 0),
('Exemple LBR', 154, '00:00:00', 0, 0),
('Exemple LBR', 155, '00:00:00', 0, 0),
('Exemple LBR', 156, '00:00:00', 0, 0),
('Exemple LBR', 157, '00:00:00', 0, 0),
('Exemple LBR', 158, '00:00:00', 0, 0),
('Exemple LBR', 159, '00:00:00', 0, 0),
('Exemple LBR', 160, '00:00:00', 0, 0),
('Exemple LBR', 161, '00:00:00', 0, 0),
('Exemple LBR', 162, '00:00:00', 0, 0),
('Exemple LBR', 163, '00:00:00', 0, 0),
('Exemple LBR', 164, '00:00:00', 0, 0),
('Exemple LBR', 165, '00:00:00', 0, 0),
('Exemple LBR', 166, '00:00:00', 0, 0),
('Exemple LBR', 167, '00:00:00', 0, 0),
('Exemple LBR', 168, '00:00:00', 0, 0),
('Exemple LBR', 169, '00:00:00', 0, 0),
('Exemple LBR', 170, '00:00:00', 0, 0),
('Exemple Complexe', 1, '00:00:00', 0, 0),
('Exemple Complexe', 2, '00:00:00', 0, 0),
('Exemple Complexe', 3, '00:00:00', 0, 1),
('Exemple Complexe', 4, '00:00:00', 0, 0),
('Exemple Complexe', 5, '00:00:00', 0, 0),
('Exemple Complexe', 6, '00:00:00', 0, 0),
('Exemple Complexe', 7, '12:00:00', 6, 2),
('Exemple Complexe', 8, '00:00:00', 0, 0),
('Exemple Complexe', 9, '00:00:00', 0, 0),
('Exemple Complexe', 10, '00:00:00', 0, 0),
('Exemple Complexe', 11, '00:00:00', 0, 0),
('Exemple Complexe', 12, '00:00:00', 0, 0),
('Exemple Complexe', 13, '00:00:00', 0, 0),
('Exemple Complexe', 14, '00:00:00', 0, 0),
('Exemple Complexe', 15, '00:00:00', 0, 0),
('Exemple Complexe', 16, '00:00:00', 0, 0),
('Exemple Complexe', 17, '00:00:00', 0, 0),
('Exemple Complexe', 18, '00:00:00', 0, 0),
('Exemple Complexe', 19, '00:00:00', 0, 0),
('Exemple Complexe', 20, '00:00:00', 0, 0),
('Exemple Complexe', 21, '00:00:00', 0, 0),
('Exemple Complexe', 22, '00:00:00', 0, 0),
('Exemple Complexe', 23, '00:00:00', 0, 0),
('Exemple Complexe', 24, '00:00:00', 0, 0),
('Exemple Complexe', 25, '00:00:00', 0, 0),
('Exemple Complexe', 26, '00:00:00', 0, 0),
('Exemple Complexe', 27, '00:00:00', 0, 0),
('Exemple Complexe', 28, '00:00:00', 0, 0),
('Exemple Complexe', 29, '00:00:00', 0, 0),
('Exemple Complexe', 30, '00:00:00', 0, 0),
('Exemple Complexe', 31, '00:00:00', 0, 0),
('Exemple Complexe', 32, '00:00:00', 0, 0),
('Exemple Complexe', 33, '00:00:00', 0, 0),
('Exemple Complexe', 34, '00:00:00', 0, 0),
('Exemple Complexe', 35, '00:00:00', 0, 0),
('Exemple Complexe', 36, '00:00:00', 0, 0),
('Exemple Complexe', 37, '00:00:00', 0, 0),
('Exemple Complexe', 38, '00:00:00', 0, 0),
('Exemple Complexe', 39, '00:00:00', 0, 0),
('Exemple Complexe', 40, '00:00:00', 0, 0),
('Exemple Complexe', 41, '00:00:00', 0, 0),
('Exemple Complexe', 42, '00:00:00', 0, 0),
('Exemple Complexe', 43, '00:00:00', 0, 0),
('Exemple Complexe', 44, '00:00:00', 0, 0),
('Exemple Complexe', 45, '00:00:00', 0, 0),
('Exemple Complexe', 46, '00:00:00', 0, 0),
('Exemple Complexe', 47, '00:00:00', 0, 0),
('Exemple Complexe', 48, '00:00:00', 0, 0),
('Exemple Complexe', 49, '00:00:00', 0, 0),
('Exemple Complexe', 50, '00:00:00', 0, 0),
('Exemple Complexe', 51, '00:00:00', 0, 0),
('Exemple Complexe', 52, '00:00:00', 0, 0),
('Exemple Complexe', 53, '00:00:00', 0, 0),
('Exemple Complexe', 54, '00:00:00', 0, 0),
('Exemple Complexe', 55, '00:00:00', 0, 0),
('Exemple Complexe', 56, '00:00:00', 0, 0),
('Exemple Complexe', 57, '00:00:00', 0, 0),
('Exemple Complexe', 58, '00:00:00', 0, 0),
('Exemple Complexe', 59, '00:00:00', 0, 0),
('Exemple Complexe', 60, '00:00:00', 0, 0),
('Exemple Complexe', 61, '00:00:00', 0, 0),
('Exemple Complexe', 62, '00:00:00', 0, 0),
('Exemple Complexe', 63, '00:00:00', 0, 0),
('Exemple Complexe', 64, '00:00:00', 0, 0),
('Exemple Complexe', 65, '00:00:00', 0, 0),
('Exemple Complexe', 66, '00:00:00', 0, 0),
('Exemple Complexe', 67, '00:00:00', 0, 0),
('Exemple Complexe', 68, '00:00:00', 0, 0),
('Exemple Complexe', 69, '00:00:00', 0, 0),
('Exemple Complexe', 70, '00:00:00', 0, 0),
('Exemple Complexe', 71, '00:00:00', 0, 0),
('Exemple Complexe', 72, '00:00:00', 0, 0),
('Exemple Complexe', 73, '00:00:00', 0, 0),
('Exemple Complexe', 74, '00:00:00', 0, 0),
('Exemple Complexe', 75, '00:00:00', 0, 0),
('Exemple Complexe', 76, '00:00:00', 0, 0),
('Exemple Complexe', 77, '00:00:00', 0, 0),
('Exemple Complexe', 78, '00:00:00', 0, 0),
('Exemple Complexe', 79, '00:00:00', 0, 0),
('Exemple Complexe', 80, '00:00:00', 0, 0),
('Exemple Complexe', 81, '00:00:00', 0, 0),
('Exemple Complexe', 82, '00:00:00', 0, 0),
('Exemple Complexe', 83, '00:00:00', 0, 0),
('Exemple Complexe', 84, '00:00:00', 0, 0),
('Exemple Complexe', 85, '00:00:00', 0, 0),
('Exemple Complexe', 86, '00:00:00', 0, 0),
('Exemple Complexe', 87, '00:00:00', 0, 0),
('Exemple Complexe', 88, '00:00:00', 0, 0),
('Exemple Complexe', 89, '00:00:00', 0, 0),
('Exemple Complexe', 90, '00:00:00', 0, 0),
('Exemple Complexe', 91, '00:00:00', 0, 0),
('Exemple Complexe', 92, '00:00:00', 0, 0),
('Exemple Complexe', 93, '00:00:00', 0, 0),
('Exemple Complexe', 94, '00:00:00', 0, 0),
('Exemple Complexe', 95, '00:00:00', 0, 0),
('Exemple Complexe', 96, '00:00:00', 0, 0),
('Exemple Complexe', 97, '00:00:00', 0, 0),
('Exemple Complexe', 98, '00:00:00', 0, 0),
('Exemple Complexe', 99, '00:00:00', 0, 0),
('Exemple Complexe', 100, '00:00:00', 0, 0),
('Exemple Complexe', 101, '00:00:00', 0, 0),
('Exemple Complexe', 102, '00:00:00', 0, 0),
('Exemple Complexe', 103, '00:00:00', 0, 0),
('Exemple Complexe', 104, '00:00:00', 0, 0),
('Exemple Complexe', 105, '00:00:00', 0, 0),
('Exemple Complexe', 106, '00:00:00', 0, 0),
('Exemple Complexe', 107, '00:00:00', 0, 0),
('Exemple Complexe', 108, '00:00:00', 0, 0),
('Exemple Complexe', 109, '00:00:00', 0, 0),
('Exemple Complexe', 110, '00:00:00', 0, 0),
('Exemple Complexe', 111, '00:00:00', 0, 0),
('Exemple Complexe', 112, '00:00:00', 0, 0),
('Exemple Complexe', 113, '00:00:00', 0, 0),
('Exemple Complexe', 114, '00:00:00', 0, 0),
('Exemple Complexe', 115, '00:00:00', 0, 0),
('Exemple Complexe', 116, '00:00:00', 0, 0),
('Exemple Complexe', 117, '00:00:00', 0, 0),
('Exemple Complexe', 118, '00:00:00', 0, 0),
('Exemple Complexe', 119, '00:00:00', 0, 0),
('Exemple Complexe', 120, '00:00:00', 0, 0),
('Exemple Complexe', 121, '00:00:00', 0, 0),
('Exemple Complexe', 122, '00:00:00', 0, 0),
('Exemple Complexe', 123, '00:00:00', 0, 0),
('Exemple Complexe', 124, '00:00:00', 0, 0),
('Exemple Complexe', 125, '00:00:00', 0, 0),
('Exemple Complexe', 126, '00:00:00', 0, 0),
('Exemple Complexe', 127, '00:00:00', 0, 0),
('Exemple Complexe', 128, '00:00:00', 0, 0),
('Exemple Complexe', 129, '00:00:00', 0, 0),
('Exemple Complexe', 130, '00:00:00', 0, 0),
('Exemple Complexe', 131, '00:00:00', 0, 0),
('Exemple Complexe', 132, '00:00:00', 0, 0),
('Exemple Complexe', 133, '00:00:00', 0, 0),
('Exemple Complexe', 134, '00:00:00', 0, 0),
('Exemple Complexe', 135, '00:00:00', 0, 0),
('Exemple Complexe', 136, '00:00:00', 0, 0),
('Exemple Complexe', 137, '00:00:00', 0, 0),
('Exemple Complexe', 138, '00:00:00', 0, 0),
('Exemple Complexe', 139, '00:00:00', 0, 0),
('Exemple Complexe', 140, '00:00:00', 0, 0),
('Exemple Complexe', 141, '00:00:00', 0, 0),
('Exemple Complexe', 142, '00:00:00', 0, 0),
('Exemple Complexe', 143, '00:00:00', 0, 0),
('Exemple Complexe', 144, '00:00:00', 0, 0),
('Exemple Complexe', 145, '00:00:00', 0, 0),
('Exemple Complexe', 146, '00:00:00', 0, 0),
('Exemple Complexe', 147, '00:00:00', 0, 0),
('Exemple Complexe', 148, '00:00:00', 0, 0),
('Exemple Complexe', 149, '00:00:00', 0, 0),
('Exemple Complexe', 150, '00:00:00', 0, 0),
('Exemple Complexe', 151, '00:00:00', 0, 0),
('Exemple Complexe', 152, '00:00:00', 0, 0),
('Exemple Complexe', 153, '00:00:00', 0, 0),
('Exemple Complexe', 154, '00:00:00', 0, 0),
('Exemple Complexe', 155, '00:00:00', 0, 0),
('Exemple Complexe', 156, '00:00:00', 0, 0),
('Exemple Complexe', 157, '00:00:00', 0, 0),
('Exemple Complexe', 158, '00:00:00', 0, 0),
('Exemple Complexe', 159, '00:00:00', 0, 0),
('Exemple Complexe', 160, '00:00:00', 0, 0),
('Exemple Complexe', 161, '00:00:00', 0, 0),
('Exemple Complexe', 162, '00:00:00', 0, 0),
('Exemple Complexe', 163, '00:00:00', 0, 0),
('Exemple Complexe', 164, '00:00:00', 0, 0),
('Exemple Complexe', 165, '00:00:00', 0, 0),
('Exemple Complexe', 166, '00:00:00', 0, 0),
('Exemple Complexe', 167, '00:00:00', 0, 0),
('Exemple Complexe', 168, '00:00:00', 0, 0),
('Exemple Complexe', 169, '00:00:00', 0, 0),
('Exemple Complexe', 170, '00:00:00', 0, 0),
('Exemple Oral', 79, '14:00:00', 8, 0),
('Exemple LBR', 7, '08:00:00', 3, 0),
('Exemple Oral', 78, '13:00:00', 8, 0),
('Exemple Oral', 77, '12:00:00', 8, 0),
('Exemple Oral', 76, '11:00:00', 8, 0),
('Exemple Oral', 75, '10:00:00', 8, 0),
('Exemple Oral', 74, '18:00:00', 8, 0),
('Exemple Oral', 73, '17:00:00', 8, 0),
('Exemple Oral', 72, '16:00:00', 8, 0),
('Exemple Oral', 71, '15:00:00', 8, 0),
('Exemple Oral', 70, '14:00:00', 8, 0),
('Exemple Oral', 69, '13:00:00', 8, 0),
('Exemple Oral', 68, '12:00:00', 8, 0),
('Exemple Oral', 67, '11:00:00', 8, 1),
('Exemple Oral', 66, '10:00:00', 8, 0),
('Exemple Oral', 65, '18:00:00', 8, 0),
('Exemple Oral', 64, '17:00:00', 8, 0),
('Exemple Oral', 63, '16:00:00', 8, 0),
('Exemple Oral', 62, '15:00:00', 8, 0),
('Exemple Oral', 61, '14:00:00', 8, 0),
('Exemple Oral', 60, '13:00:00', 8, 0),
('Exemple Oral', 59, '12:00:00', 8, 0),
('Exemple Oral', 58, '11:00:00', 8, 0),
('Exemple Oral', 57, '10:00:00', 8, 1),
('Exemple Oral', 56, '18:00:00', 8, 0),
('Exemple Oral', 55, '17:00:00', 8, 0),
('Exemple Oral', 54, '16:00:00', 8, 0),
('Exemple Oral', 53, '15:00:00', 8, 0),
('Exemple Oral', 52, '14:00:00', 8, 0),
('Exemple Oral', 51, '13:00:00', 8, 0),
('Exemple Oral', 50, '12:00:00', 8, 0),
('Exemple Oral', 49, '11:00:00', 8, 0),
('Exemple Oral', 48, '10:00:00', 8, 0),
('Exemple Oral', 25, '14:00:00', 8, 0),
('Exemple Oral', 24, '13:00:00', 8, 0),
('Exemple Oral', 23, '12:00:00', 8, 0),
('Exemple Oral', 22, '11:00:00', 8, 0),
('Exemple Oral', 21, '10:00:00', 8, 0),
('Exemple Oral', 8, '09:00:00', 0, 2),
('Exemple Oral', 7, '09:00:00', 0, 1),
('Exemple Oral', 6, '09:00:00', 0, 3),
('Exemple Oral', 5, '09:00:00', 0, 1),
('Exemple Oral', 4, '09:00:00', 0, 0),
('Exemple Oral', 3, '09:00:00', 0, 5),
('Exemple Oral', 2, '09:00:00', 0, 0),
('Exemple Oral', 1, '09:00:00', 0, 17),
('Exemple Oral', 188, '15:00:00', 8, 0),
('Exemple Oral', 80, '15:00:00', 8, 0),
('Exemple Oral', 81, '16:00:00', 8, 0),
('Exemple Oral', 82, '17:00:00', 8, 0),
('Exemple Oral', 83, '18:00:00', 8, 0),
('Exemple Oral', 84, '10:00:00', 8, 0),
('Exemple Oral', 85, '11:00:00', 8, 0),
('Exemple Oral', 86, '12:00:00', 8, 0),
('Exemple Oral', 87, '13:00:00', 8, 0),
('Exemple Oral', 88, '14:00:00', 8, 0),
('Exemple Oral', 89, '15:00:00', 8, 0),
('Exemple Oral', 90, '16:00:00', 8, 0),
('Exemple Oral', 91, '17:00:00', 8, 0),
('Exemple Oral', 92, '18:00:00', 8, 0),
('Exemple Oral', 93, '10:00:00', 8, 0),
('Exemple Oral', 94, '11:00:00', 8, 1),
('Exemple Oral', 95, '12:00:00', 8, 0),
('Exemple Oral', 96, '13:00:00', 8, 0),
('Exemple Oral', 97, '14:00:00', 8, 0),
('Exemple Oral', 98, '15:00:00', 8, 0),
('Exemple Oral', 99, '16:00:00', 8, 0),
('Exemple Oral', 100, '17:00:00', 8, 0),
('Exemple Oral', 101, '18:00:00', 8, 0),
('Exemple Oral', 102, '10:00:00', 8, 0),
('Exemple Oral', 103, '11:00:00', 8, 1),
('Exemple Oral', 104, '12:00:00', 8, 0),
('Exemple Oral', 105, '13:00:00', 8, 0),
('Exemple Oral', 106, '14:00:00', 8, 0),
('Exemple Oral', 107, '15:00:00', 8, 0),
('Exemple Oral', 108, '16:00:00', 8, 0);

-- --------------------------------------------------------

--
-- Structure de la table `personne`
--

CREATE TABLE `personne` (
  `idPersonne` int(11) NOT NULL,
  `nom` varchar(100) NOT NULL,
  `prenom` varchar(100) NOT NULL,
  `telephone` varchar(30) NOT NULL,
  `mail` varchar(100) NOT NULL,
  `infoSupplementaires` text NOT NULL,
  `typePersonne` varchar(30) NOT NULL
) ENGINE=MyISAM DEFAULT CHARSET=latin1;

--
-- Déchargement des données de la table `personne`
--

INSERT INTO `personne` (`idPersonne`, `nom`, `prenom`, `telephone`, `mail`, `infoSupplementaires`, `typePersonne`) VALUES
(1, 'BERGERAULT', 'Cléo', '06 00 00 00 00', 'cleo@demay.me', '', 'Membre'),
(2, 'RANC', 'Mathieu', '06 00 00 00 01', 'mathieu.ranc@lesbriquesrouges.fr', '', 'Membre'),
(3, 'A', 'Sophie', '06 00 00 00 02', 'prenom.nom@lesbriquesrouges.fr', '', 'Membre'),
(4, 'Z', 'Tiphanie', '06 00 00 00 03', 'prenom.nom@lesbriquesrouges.fr', '', 'Membre'),
(5, 'E', 'Cléo', '06 00 00 00 04', 'cleo@demay.me', '', 'Membre'),
(6, 'R', 'Pauline', '06 00 00 00 05', 'prenom.nom@lesbriquesrouges.fr', '', 'Membre'),
(7, 'T', 'Sarah', '06 00 00 00 06', 'prenom.nom@lesbriquesrouges.fr', '', 'Membre'),
(8, 'Y', 'Antoine', '06 00 00 00 07', 'prenom.nom@lesbriquesrouges.fr', '', 'Membre'),
(9, 'U', 'Cléo', '06 00 00 00 08', 'prenom.nom@lesbriquesrouges.fr', '', 'Membre'),
(10, 'I', 'Marie', '06 00 00 00 09', 'prenom.nom@lesbriquesrouges.fr', '', 'Membre'),
(11, 'O', 'Sixtine', '06 00 00 00 10', 'prenom.nom@lesbriquesrouges.fr', '', 'Membre'),
(12, 'P', 'Thibault', '06 00 00 00 11', 'prenom.nom@lesbriquesrouges.fr', '', 'Membre'),
(13, 'Q', 'Nicolas', '06 00 00 00 12', 'prenom.nom@lesbriquesrouges.fr', '', 'Membre'),
(14, 'S', 'Maxence', '06 00 00 00 13', 'prenom.nom@lesbriquesrouges.fr', '', 'Membre'),
(15, 'D', 'Géraldine', '06 00 00 00 14', 'prenom.nom@lesbriquesrouges.fr', '', 'Membre'),
(16, 'F', 'Cléo', '06 00 00 00 15', 'cleo@demay.me', '', 'Membre'),
(17, 'G', 'Flora', '06 00 00 00 16', 'pauline.jaspart@student.junia.com', '', 'Membre'),
(18, 'H', 'Pierre', '06 00 00 00 17', 'prenom.nom@lesbriquesrouges.fr', '', 'Membre'),
(19, 'J', 'Paul', '06 00 00 00 18', 'prenom.nom@lesbriquesrouges.fr', '', 'Membre'),
(20, 'K', 'Clément', '06 00 00 00 19', 'prenom.nom@lesbriquesrouges.fr', '', 'Membre'),
(21, 'L', 'Lexi', '06 00 00 00 20', 'prenom.nom@student.junia.com', '', 'Benevole'),
(22, 'M', 'Nina', '06 00 00 00 21', 'prenom.nom@student.junia.com', '', 'Benevole'),
(23, 'W', 'Angèle', '06 00 00 00 22', 'prenom.nom@student.junia.com', '', 'Benevole'),
(24, 'X', 'Tom', '06 00 00 00 23', 'prenom.nom@student.junia.com', '', 'Benevole'),
(25, 'C', 'Florian', '06 00 00 00 24', 'prenom.nom@student.junia.com', '', 'Benevole'),
(26, 'V', 'Julien', '06 00 00 00 25', 'prenom.nom@student.junia.com', '', 'Benevole'),
(27, 'B', 'Mattéo', '06 00 00 00 26', 'prenom.nom@student.junia.com', '', 'Benevole'),
(28, 'N', 'Louis', '06 00 00 00 27', 'prenom.nom@student.junia.com', '', 'Benevole'),
(29, 'AA', 'Alexis', '06 00 00 00 28', 'prenom.nom@student.junia.com', '', 'Benevole'),
(30, 'ZZ', 'Nathalie', '06 00 00 00 29', 'prenom.nom@student.junia.com', '', 'Benevole'),
(31, 'EE', 'Emile', '06 00 00 00 30', 'prenom.nom@student.junia.com', '', 'Benevole'),
(32, 'RR', 'Edgar', '06 00 00 00 31', 'prenom.nom@student.junia.com', '', 'Benevole'),
(33, 'TT', 'Hugo', '06 00 00 00 32', 'prenom.nom@student.junia.com', '', 'Benevole'),
(34, 'YY', 'Andréa', '06 00 00 00 33', 'prenom.nom@student.junia.com', '', 'Benevole'),
(35, 'UU', 'Arthur', '06 00 00 00 34', 'prenom.nom@student.junia.com', '', 'Benevole'),
(36, 'II', 'Léo', '06 00 00 00 35', 'prenom.nom@student.junia.com', '', 'Benevole'),
(37, 'OO', 'Léa', '06 00 00 00 36', 'prenom.nom@student.junia.com', '', 'Benevole'),
(38, 'PP', 'Eliot', '06 00 00 00 37', 'prenom.nom@student.junia.com', '', 'Benevole'),
(39, 'QQ', 'Sophie', '06 00 00 00 38', 'prenom.nom@student.junia.com', '', 'Benevole'),
(40, 'SS', 'Tiphanie', '06 00 00 00 39', 'prenom.nom@student.junia.com', '', 'Benevole'),
(41, 'DD', 'Albert', '06 00 00 00 40', 'prenom.nom@student.junia.com', '', 'Benevole'),
(42, 'JASPART', 'Pauline', '06 00 00 00 41', 'pauline.jaspart@student.junia.com', '', 'Benevole'),
(43, 'PETIT', 'Sarah', '06 00 00 00 42', 'sarah.petit@student.junia.com', '', 'Benevole'),
(44, 'FOURNET', 'Antoine', '06 00 00 00 43', 'antoine.fournet@student.junia.com', '', 'Benevole'),
(45, 'DEMAY', 'Cléo', '06 00 00 00 44', 'cleo.demay@student.junia.com', '', 'Benevole'),
(46, 'KK', 'Marie', '06 00 00 00 45', 'prenom.nom@student.junia.com', '', 'Benevole'),
(47, 'LL', 'Sixtine', '06 00 00 00 46', 'prenom.nom@student.junia.com', '', 'Benevole'),
(48, 'MM', 'Thibault', '06 00 00 00 47', 'prenom.nom@student.junia.com', '', 'Benevole'),
(49, 'WW', 'Nicolas', '06 00 00 00 48', 'prenom.nom@student.junia.com', '', 'Benevole'),
(50, 'XX', 'Maxence', '06 00 00 00 49', 'prenom.nom@student.junia.com', '', 'Benevole'),
(51, 'CC', 'Géraldine', '06 00 00 00 50', 'prenom.nom@student.junia.com', '', 'Benevole'),
(52, 'VV', 'Line', '06 00 00 00 51', 'prenom.nom@student.junia.com', '', 'Benevole'),
(53, 'BB', 'Flora', '06 00 00 00 52', 'prenom.nom@student.junia.com', '', 'Benevole'),
(54, 'NN', 'Pierre', '06 00 00 00 53', 'prenom.nom@student.junia.com', '', 'Benevole'),
(55, 'AAA', 'Paul', '06 00 00 00 54', 'prenom.nom@student.junia.com', '', 'Benevole'),
(56, 'ZZZ', 'Clément', '06 00 00 00 55', 'prenom.nom@student.junia.com', '', 'Benevole'),
(57, 'EEE', 'Lexi', '06 00 00 00 56', 'prenom.nom@student.junia.com', '', 'Benevole'),
(58, 'RRR', 'Nina', '06 00 00 00 57', 'prenom.nom@student.junia.com', '', 'Benevole'),
(59, 'TTT', 'Angèle', '06 00 00 00 58', 'prenom.nom@student.junia.com', '', 'Benevole'),
(60, 'YYY', 'Tom', '06 00 00 00 59', 'prenom.nom@student.junia.com', '', 'Benevole'),
(61, 'UUU', 'Florian', '06 00 00 00 60', 'prenom.nom@student.junia.com', '', 'Benevole'),
(62, 'III', 'Julien', '06 00 00 00 61', 'prenom.nom@student.junia.com', '', 'Benevole'),
(63, 'OOO', 'Mattéo', '06 00 00 00 62', 'prenom.nom@student.junia.com', '', 'Benevole'),
(64, 'PPP', 'Louis', '06 00 00 00 63', 'prenom.nom@student.junia.com', '', 'Benevole'),
(65, 'QQQ', 'Alexis', '06 00 00 00 64', 'prenom.nom@student.junia.com', '', 'Benevole'),
(66, 'SSS', 'Nathalie', '06 00 00 00 65', 'prenom.nom@student.junia.com', '', 'Benevole'),
(67, 'DDD', 'Emile', '06 00 00 00 66', 'prenom.nom@student.junia.com', '', 'Benevole'),
(68, 'FFF', 'Edgar', '06 00 00 00 67', 'prenom.nom@student.junia.com', '', 'Benevole'),
(69, 'GGG', 'Hugo', '06 00 00 00 68', 'prenom.nom@student.junia.com', '', 'Benevole'),
(70, 'HHH', 'Andréa', '06 00 00 00 69', 'prenom.nom@student.junia.com', '', 'Benevole'),
(71, 'JJJ', 'Arthur', '06 00 00 00 70', 'prenom.nom@student.junia.com', '', 'Benevole'),
(72, 'KKK', 'Léo', '06 00 00 00 71', 'prenom.nom@student.junia.com', '', 'Benevole'),
(73, 'LLL', 'Léa', '06 00 00 00 72', 'prenom.nom@student.junia.com', '', 'Benevole'),
(74, 'MMM', 'Eliot', '06 00 00 00 73', 'prenom.nom@student.junia.com', '', 'Benevole'),
(75, 'WWW', 'Sophie', '06 00 00 00 74', 'prenom.nom@student.junia.com', '', 'Benevole'),
(76, 'XXX', 'Tiphanie', '06 00 00 00 75', 'prenom.nom@student.junia.com', '', 'Benevole'),
(77, 'CCC', 'Albert', '06 00 00 00 76', 'prenom.nom@student.junia.com', '', 'Benevole'),
(78, 'VVV', 'Pauline', '06 00 00 00 77', 'prenom.nom@student.junia.com', '', 'Benevole'),
(79, 'BBB', 'Sarah', '06 00 00 00 78', 'prenom.nom@student.junia.com', '', 'Benevole'),
(80, 'NNN', 'Antoine', '06 00 00 00 79', 'prenom.nom@student.junia.com', '', 'Benevole'),
(81, 'AAAA', 'Cléo', '06 00 00 00 80', 'prenom.nom@student.junia.com', '', 'Benevole'),
(82, 'ZZZZ', 'Marie', '06 00 00 00 81', 'prenom.nom@student.junia.com', '', 'Benevole'),
(83, 'EEEE', 'Sixtine', '06 00 00 00 82', 'prenom.nom@student.junia.com', '', 'Benevole'),
(84, 'RRRR', 'Thibault', '06 00 00 00 83', 'prenom.nom@student.junia.com', '', 'Benevole'),
(85, 'TTTT', 'Nicolas', '06 00 00 00 84', 'prenom.nom@student.junia.com', '', 'Benevole'),
(86, 'YYYY', 'Maxence', '06 00 00 00 85', 'prenom.nom@student.junia.com', '', 'Benevole'),
(87, 'UUUU', 'Géraldine', '06 00 00 00 86', 'prenom.nom@student.junia.com', '', 'Benevole'),
(88, 'IIII', 'Line', '06 00 00 00 87', 'prenom.nom@student.junia.com', '', 'Benevole'),
(89, 'OOOO', 'Flora', '06 00 00 00 88', 'prenom.nom@student.junia.com', '', 'Benevole'),
(90, 'PPPP', 'Pierre', '06 00 00 00 89', 'prenom.nom@student.junia.com', '', 'Benevole'),
(91, 'QQQQ', 'Paul', '06 00 00 00 90', 'prenom.nom@student.junia.com', '', 'Benevole'),
(92, 'SSSS', 'Clément', '06 00 00 00 91', 'prenom.nom@student.junia.com', '', 'Benevole'),
(93, 'DDDD', 'Lexi', '06 00 00 00 92', 'prenom.nom@student.junia.com', '', 'Benevole'),
(94, 'FFFF', 'Nina', '06 00 00 00 93', 'prenom.nom@student.junia.com', '', 'Benevole'),
(95, 'GGGG', 'Angèle', '06 00 00 00 94', 'prenom.nom@student.junia.com', '', 'Benevole'),
(96, 'HHHH', 'Tom', '06 00 00 00 95', 'prenom.nom@student.junia.com', '', 'Benevole'),
(97, 'JJJJ', 'Florian', '06 00 00 00 96', 'prenom.nom@student.junia.com', '', 'Benevole'),
(98, 'KKKK', 'Julien', '06 00 00 00 97', 'prenom.nom@student.junia.com', '', 'Benevole'),
(99, 'LLLL', 'Mattéo', '06 00 00 00 98', 'prenom.nom@student.junia.com', '', 'Benevole'),
(100, 'MMMM', 'Louis', '06 00 00 00 99', 'prenom.nom@student.junia.com', '', 'Benevole'),
(101, 'WWWW', 'Alexis', '06 00 00 01 00', 'prenom.nom@student.junia.com', '', 'Benevole'),
(102, 'XXXX', 'Nathalie', '06 00 00 01 01', 'prenom.nom@student.junia.com', '', 'Benevole'),
(103, 'CCCC', 'Emile', '06 00 00 01 02', 'prenom.nom@student.junia.com', '', 'Benevole'),
(104, 'VVVV', 'Edgar', '06 00 00 01 03', 'prenom.nom@student.junia.com', '', 'Benevole'),
(105, 'BBBB', 'Hugo', '06 00 00 01 04', 'prenom.nom@student.junia.com', '', 'Benevole'),
(106, 'NNNN', 'Andréa', '06 00 00 01 05', 'prenom.nom@student.junia.com', '', 'Benevole'),
(107, 'AAAAA', 'Arthur', '06 00 00 01 06', 'prenom.nom@student.junia.com', '', 'Benevole'),
(108, 'ZZZZZ', 'Léo', '06 00 00 01 07', 'prenom.nom@student.junia.com', '', 'Benevole'),
(109, 'EEEEE', 'Léa', '06 00 00 01 08', 'prenom.nom@student.junia.com', '', 'Benevole'),
(110, 'RRRRR', 'Eliot', '06 00 00 01 09', 'prenom.nom@student.junia.com', '', 'Benevole'),
(111, 'TTTTT', 'Sophie', '06 00 00 01 10', 'prenom.nom@student.junia.com', '', 'Benevole'),
(112, 'YYYYYY', 'Tiphanie', '06 00 00 01 11', 'prenom.nom@student.junia.com', '', 'Benevole'),
(113, 'UUUUU', 'Albert', '06 00 00 01 12', 'prenom.nom@student.junia.com', '', 'Benevole'),
(114, 'IIIIII', 'Pauline', '06 00 00 01 13', 'prenom.nom@student.junia.com', '', 'Benevole'),
(115, 'OOOOO', 'Sarah', '06 00 00 01 14', 'prenom.nom@student.junia.com', '', 'Benevole'),
(116, 'PPPPP', 'Antoine', '06 00 00 01 15', 'prenom.nom@student.junia.com', '', 'Benevole'),
(117, 'QQQQQ', 'Cléo', '06 00 00 01 16', 'prenom.nom@student.junia.com', '', 'Benevole'),
(118, 'SSSSS', 'Marie', '06 00 00 01 17', 'prenom.nom@student.junia.com', '', 'Benevole'),
(119, 'DDDDD', 'Sixtine', '06 00 00 01 18', 'prenom.nom@student.junia.com', '', 'Benevole'),
(120, 'FFFFF', 'Thibault', '06 00 00 01 19', 'prenom.nom@student.junia.com', '', 'Benevole'),
(121, 'GGGGG', 'Nicolas', '06 00 00 01 20', 'prenom.nom@student.junia.com', '', 'Benevole'),
(122, 'HHHHH', 'Maxence', '06 00 00 01 21', 'prenom.nom@student.junia.com', '', 'Benevole'),
(123, 'JJJJJ', 'Géraldine', '06 00 00 01 22', 'prenom.nom@student.junia.com', '', 'Benevole'),
(124, 'KKKKK', 'Line', '06 00 00 01 23', 'prenom.nom@student.junia.com', '', 'Benevole'),
(125, 'LLLLL', 'Flora', '06 00 00 01 24', 'prenom.nom@student.junia.com', '', 'Benevole'),
(126, 'MMMMM', 'Pierre', '06 00 00 01 25', 'prenom.nom@student.junia.com', '', 'Benevole'),
(127, 'WWWWW', 'Paul', '06 00 00 01 26', 'prenom.nom@student.junia.com', '', 'Benevole'),
(128, 'XXXXX', 'Clément', '06 00 00 01 27', 'prenom.nom@student.junia.com', '', 'Benevole'),
(129, 'CCCCC', 'Lexi', '06 00 00 01 28', 'prenom.nom@student.junia.com', '', 'Benevole'),
(130, 'VVVVV', 'Nina', '06 00 00 01 29', 'prenom.nom@student.junia.com', '', 'Benevole'),
(131, 'BBBBB', 'Angèle', '06 00 00 01 30', 'prenom.nom@student.junia.com', '', 'Benevole'),
(132, 'NNNNN', 'Tom', '06 00 00 01 31', 'prenom.nom@student.junia.com', '', 'Benevole'),
(133, 'AZ', 'Florian', '06 00 00 01 32', 'prenom.nom@student.junia.com', '', 'Benevole'),
(134, 'ZE', 'Julien', '06 00 00 01 33', 'prenom.nom@student.junia.com', '', 'Benevole'),
(135, 'ER', 'Mattéo', '06 00 00 01 34', 'prenom.nom@student.junia.com', '', 'Benevole'),
(136, 'RT', 'Louis', '06 00 00 01 35', 'prenom.nom@student.junia.com', '', 'Benevole'),
(137, 'TY', 'Alexis', '06 00 00 01 36', 'prenom.nom@student.junia.com', '', 'Benevole'),
(138, 'YU', 'Nathalie', '06 00 00 01 37', 'prenom.nom@student.junia.com', '', 'Benevole'),
(139, 'UI', 'Emile', '06 00 00 01 38', 'prenom.nom@student.junia.com', '', 'Benevole'),
(140, 'IO', 'Edgar', '06 00 00 01 39', 'prenom.nom@student.junia.com', '', 'Benevole'),
(141, 'OP', 'Hugo', '06 00 00 01 40', 'prenom.nom@student.junia.com', '', 'Benevole'),
(142, 'PQ', 'Andréa', '06 00 00 01 41', 'prenom.nom@student.junia.com', '', 'Benevole'),
(143, 'QS', 'Arthur', '06 00 00 01 42', 'prenom.nom@student.junia.com', '', 'Benevole'),
(144, 'SD', 'Léo', '06 00 00 01 43', 'prenom.nom@student.junia.com', '', 'Benevole'),
(145, 'DF', 'Léa', '06 00 00 01 44', 'prenom.nom@student.junia.com', '', 'Benevole'),
(146, 'FG', 'Eliot', '06 00 00 01 45', 'prenom.nom@student.junia.com', '', 'Benevole'),
(147, 'GH', 'Sophie', '06 00 00 01 46', 'prenom.nom@student.junia.com', '', 'Benevole'),
(148, 'HJ', 'Tiphanie', '06 00 00 01 47', 'prenom.nom@student.junia.com', '', 'Benevole'),
(149, 'JK', 'Albert', '06 00 00 01 48', 'prenom.nom@student.junia.com', '', 'Benevole'),
(150, 'KL', 'Pauline', '06 00 00 01 49', 'prenom.nom@student.junia.com', '', 'Benevole'),
(151, 'LM', 'Sarah', '06 00 00 01 50', 'prenom.nom@student.junia.com', '', 'Benevole'),
(152, 'MW', 'Antoine', '06 00 00 01 51', 'prenom.nom@student.junia.com', '', 'Benevole'),
(153, 'WX', 'Cléo', '06 00 00 01 52', 'prenom.nom@student.junia.com', '', 'Benevole'),
(154, 'XC', 'Marie', '06 00 00 01 53', 'prenom.nom@student.junia.com', '', 'Benevole'),
(155, 'CV', 'Sixtine', '06 00 00 01 54', 'prenom.nom@student.junia.com', '', 'Benevole'),
(156, 'VB', 'Thibault', '06 00 00 01 55', 'prenom.nom@student.junia.com', '', 'Benevole'),
(157, 'BN', 'Nicolas', '06 00 00 01 56', 'prenom.nom@student.junia.com', '', 'Benevole'),
(158, 'NA', 'Maxence', '06 00 00 01 57', 'prenom.nom@student.junia.com', '', 'Benevole'),
(159, 'AE', 'Géraldine', '06 00 00 01 58', 'prenom.nom@student.junia.com', '', 'Benevole'),
(160, 'ZR', 'Line', '06 00 00 01 59', 'prenom.nom@student.junia.com', '', 'Benevole'),
(161, 'ET', 'Flora', '06 00 00 01 60', 'prenom.nom@student.junia.com', '', 'Benevole'),
(162, 'RY', 'Pierre', '06 00 00 01 61', 'prenom.nom@student.junia.com', '', 'Benevole'),
(163, 'TU', 'Paul', '06 00 00 01 62', 'prenom.nom@student.junia.com', '', 'Benevole'),
(164, 'YI', 'Clément', '06 00 00 01 63', 'prenom.nom@student.junia.com', '', 'Benevole'),
(165, 'UO', 'Lexi', '06 00 00 01 64', 'prenom.nom@student.junia.com', '', 'Benevole'),
(166, 'IP', 'Nina', '06 00 00 01 65', 'prenom.nom@student.junia.com', '', 'Benevole'),
(167, 'OQ', 'Angèle', '06 00 00 01 66', 'prenom.nom@student.junia.com', '', 'Benevole'),
(168, 'PS', 'Tom', '06 00 00 01 67', 'prenom.nom@student.junia.com', '', 'Benevole'),
(169, 'QD', 'Florian', '06 00 00 01 68', 'prenom.nom@student.junia.com', '', 'Benevole'),
(170, 'SF', 'Julien', '06 00 00 01 69', 'prenom.nom@student.junia.com', '', 'Benevole'),
(171, 'UNE', 'Personne', '0284738596', 'une.personne@gmail.fr', '', 'Membre'),
(176, 'PETIT', 'Sarah', '0309030809', 'petit@sarah.com', 'des informations', 'Membre'),
(173, 'PETIT', 'Sarah', '0385748392', 'sarah.petit@student.junia.com', '', 'Membre'),
(175, 'FOURNET', 'Antoine', '0707070707', 'fournet@antoine.fr', '', 'Membre'),
(177, 'TEST', 'Test', '0172749382', 'test@gmail.com', '', 'Membre'),
(178, 'AINI', 'Manon', '0505050506', 'manon@aini.fr', '', 'Benevole'),
(179, 'ALBERT', 'Line', '0404040404', 'line@albert.com', '', 'Benevole'),
(180, 'COUSIN', 'Flora', '0303030303', 'cousin@flora.com', '', 'Benevole'),
(181, 'DEMAY', 'Cleo', '0808080808', 'demay.cleo@gmail.com', '', 'Benevole'),
(182, 'DUMAS', 'Vincent', '0101010101', 'dumas@vincent.com', '', 'Benevole'),
(183, 'JASPART', 'Pauline', '0606060606', 'pauline.jaspart.31@gmail.com', '', 'Benevole'),
(184, 'LUCET', 'Benoit', '0300000000', 'benoit@lucet.com', '', 'Benevole'),
(185, 'PETIT', 'Noemie', '0283647261', 'sarah.test@free.fr', '', 'Membre'),
(186, 'DUPONT', 'Dupont', '0101010101', 'dupont.dupont@gmail.com', 'informations', 'Membre'),
(187, 'DUPOND', 'Dupond', '0202020202', 'dupond.dupond@gmail.com', 'informations', 'Benevole'),
(188, 'DEMAY', 'Cléo', '0630303030', 'cleo@demay.me', '', 'Benevole'),
(189, 'E', 'Albert', '06 00 00 00 04', 'prenom.nom@lesbriquesrouges.fr', '', 'Membre');

-- --------------------------------------------------------

--
-- Structure de la table `travailler`
--

CREATE TABLE `travailler` (
  `idCreneau` int(11) NOT NULL,
  `idPersonne` int(11) NOT NULL
) ENGINE=MyISAM DEFAULT CHARSET=latin1;

--
-- Déchargement des données de la table `travailler`
--

INSERT INTO `travailler` (`idCreneau`, `idPersonne`) VALUES
(10, 3),
(10, 16),
(20, 15),
(20, 17),
(20, 159),
(14, 5),
(14, 69),
(19, 16),
(29, 57),
(148, 18),
(418, 1),
(421, 1),
(425, 1),
(132, 133),
(422, 1),
(233, 1),
(305, 1),
(236, 1),
(395, 1),
(211, 1),
(213, 1),
(282, 1),
(272, 1),
(187, 1),
(364, 1),
(252, 1),
(336, 6),
(135, 5),
(332, 8),
(195, 1),
(195, 94),
(195, 57),
(195, 103),
(135, 16),
(135, 1),
(330, 67),
(135, 107),
(135, 81),
(249, 6),
(135, 15),
(313, 8),
(352, 7),
(314, 5),
(135, 10),
(135, 19),
(245, 6),
(195, 3),
(328, 1),
(29, 10),
(20, 16),
(21, 16),
(22, 16),
(9, 19),
(17, 10),
(148, 19),
(148, 12),
(149, 11),
(350, 3);

-- --------------------------------------------------------

--
-- Structure de la table `type`
--

CREATE TABLE `type` (
  `typePersonne` varchar(44) NOT NULL
) ENGINE=MyISAM DEFAULT CHARSET=latin1;

--
-- Déchargement des données de la table `type`
--

INSERT INTO `type` (`typePersonne`) VALUES
('Benevole'),
('Membre');

--
-- Index pour les tables déchargées
--

--
-- Index pour la table `admin`
--
ALTER TABLE `admin`
  ADD PRIMARY KEY (`idAdmin`);

--
-- Index pour la table `creneau`
--
ALTER TABLE `creneau`
  ADD PRIMARY KEY (`idCreneau`);

--
-- Index pour la table `edition`
--
ALTER TABLE `edition`
  ADD PRIMARY KEY (`idEdition`);

--
-- Index pour la table `lieu`
--
ALTER TABLE `lieu`
  ADD PRIMARY KEY (`idLieu`);

--
-- Index pour la table `personne`
--
ALTER TABLE `personne`
  ADD PRIMARY KEY (`idPersonne`);

--
-- Index pour la table `type`
--
ALTER TABLE `type`
  ADD PRIMARY KEY (`typePersonne`);

--
-- AUTO_INCREMENT pour les tables déchargées
--

--
-- AUTO_INCREMENT pour la table `creneau`
--
ALTER TABLE `creneau`
  MODIFY `idCreneau` int(11) NOT NULL AUTO_INCREMENT, AUTO_INCREMENT=540;
--
-- AUTO_INCREMENT pour la table `lieu`
--
ALTER TABLE `lieu`
  MODIFY `idLieu` int(11) NOT NULL AUTO_INCREMENT, AUTO_INCREMENT=99;
--
-- AUTO_INCREMENT pour la table `personne`
--
ALTER TABLE `personne`
  MODIFY `idPersonne` int(11) NOT NULL AUTO_INCREMENT, AUTO_INCREMENT=190;COMMIT;

/*!40101 SET CHARACTER_SET_CLIENT=@OLD_CHARACTER_SET_CLIENT */;
/*!40101 SET CHARACTER_SET_RESULTS=@OLD_CHARACTER_SET_RESULTS */;
/*!40101 SET COLLATION_CONNECTION=@OLD_COLLATION_CONNECTION */;
